{
  "skills_mean": [
    [
      -0.17906859517097473,
      0.47398194670677185
    ],
    [
      0.6761325001716614,
      0.8784022927284241
    ]
  ],
  "skills_cov": [
    [
      [
        0.018702510744333267,
        0.009826255030930042
      ],
      [
        0.009826255030930042,
        0.02229231223464012
      ]
    ],
    [
      [
        0.017340006306767464,
        0.010008326731622219
      ],
      [
        0.010008326731622219,
        0.02336905710399151
      ]
    ]
  ],
  "probs_grid": [
    [
      0.049253810197114944,
      0.10988131165504456,
      0.12707237899303436,
      0.10155805945396423,
      0.06309854984283447,
      0.03250466659665108,
      0.014460119418799877,
      0.005713225807994604,
      0.0020463329274207354
    ],
    [
      0.03417404741048813,
      0.07518550753593445,
      0.08573701977729797,
      0.06756088882684708,
      0.04138316959142685,
      0.0210153479129076,
      0.009215423837304115,
      0.0035887740086764097,
      0.0012668767012655735
    ],
    [
      0.012340455316007137,
      0.02676961198449135,
      0.030095821246504784,
      0.02337883785367012,
      0.014115746133029461,
      0.00706537114456296,
      0.003053517546504736,
      0.001171897049061954,
      0.00040767097380012274
    ],
    [
      0.003092200728133321,
      0.006612643599510193,
      0.007328175939619541,
      0.005610889755189419,
      0.0033388531301170588,
      0.0016469538677483797,
      0.0007014082511886954,
      0.0002652512339409441,
      9.09182708710432e-05
    ],
    [
      0.0006048429640941322,
      0.0012748932931572199,
      0.0013924543745815754,
      0.001050676335580647,
      0.000616104865912348,
      0.00029945350252091885,
      0.00012565581710077822,
      4.681754217017442e-05,
      1.5809568139957264e-05
    ],
    [
      9.85070364549756e-05,
      0.00020462233806028962,
      0.0002202319010393694,
      0.00016374053666368127,
      9.460198634769768e-05,
      4.5300843339646235e-05,
      1.8726912458078004e-05,
      6.873468009871431e-06,
      2.28639441957057e-06
    ],
    [
      1.3914008377469145e-05,
      2.8479147658799775e-05,
      3.020028270839248e-05,
      2.2121468646219e-05,
      1.2590928236022592e-05,
      5.939341008343035e-06,
      2.418520125502255e-06,
      8.74360523539508e-07,
      2.864692589810147e-07
    ],
    [
      1.7531289131511585e-06,
      3.535207952154451e-06,
      3.6931394333805656e-06,
      2.664819703568355e-06,
      1.494016828473832e-06,
      6.941550054762047e-07,
      2.783987156362855e-07,
      9.912618992302669e-08,
      3.1984473736201835e-08
    ],
    [
      2.011346680319548e-07,
      3.9953565078576503e-07,
      4.1112701865131385e-07,
      2.9218793429208745e-07,
      1.6133940050622186e-07,
      7.382622158047525e-08,
      2.9158883307900396e-08,
      1.0224076696374595e-08,
      3.2485618639555014e-09
    ]
  ],
  "probs_results": [
    0.16109734773635864,
    0.09572139382362366,
    0.7431812286376953
  ]
}