{
  "skills_mean": [
    [
      0.6106730699539185,
      1.1939128637313843
    ],
    [
      -0.19818146526813507,
      0.37896212935447693
    ]
  ],
  "skills_cov": [
    [
      [
        0.01879953034222126,
        0.01161040086299181
      ],
      [
        0.01161040086299181,
        0.027568597346544266
      ]
    ],
    [
      [
        0.023981615900993347,
        0.01206856220960617
      ],
      [
        0.01206856220960617,
        0.023868821561336517
      ]
    ]
  ],
  "probs_grid": [
    [
      0.05613565444946289,
      0.028358956798911095,
      0.007523747161030769,
      0.001397624146193266,
      0.00020449908333830535,
      2.5138746423181146e-05,
      2.704284042920335e-06,
      2.6183448653682717e-07,
      2.3291404360747947e-08
    ],
    [
      0.1277986615896225,
      0.06354187428951263,
      0.016586245968937874,
      0.0030305287800729275,
      0.00043602476944215596,
      5.269145913189277e-05,
      5.570799658016767e-06,
      5.299797294355812e-07,
      4.631269945321037e-08
    ],
    [
      0.15118910372257233,
      0.07397335767745972,
      0.01899559050798416,
      0.003413405967876315,
      0.00048286758828908205,
      5.735798549721949e-05,
      5.959420377621427e-06,
      5.570325356529793e-07,
      4.781500351214163e-08
    ],
    [
      0.12390894442796707,
      0.05965166911482811,
      0.01506741251796484,
      0.0026625217869877815,
      0.00037028820952400565,
      4.323205939726904e-05,
      4.4138309931440745e-06,
      4.053194118114334e-07,
      3.4174124863284305e-08
    ],
    [
      0.07913464307785034,
      0.03748002648353577,
      0.009311256930232048,
      0.0016178579535335302,
      0.0002211852843174711,
      2.537983345973771e-05,
      2.546058340158197e-06,
      2.2968278301505052e-07,
      1.9020450992002225e-08
    ],
    [
      0.04200299084186554,
      0.019569486379623413,
      0.004781208001077175,
      0.0008167878841049969,
      0.00010976404882967472,
      1.2377384337014519e-05,
      1.219974933519552e-06,
      1.0810981621034443e-07,
      8.792820693770409e-09
    ],
    [
      0.019297858700156212,
      0.008843645453453064,
      0.0021247148979455233,
      0.00035684320027939975,
      4.713380621979013e-05,
      5.222878371569095e-06,
      5.057665362073749e-07,
      4.4024766054917563e-08,
      3.5165070855214253e-09
    ],
    [
      0.007892671041190624,
      0.0035573781933635473,
      0.0008403800311498344,
      0.00013874786964152008,
      1.8011854990618303e-05,
      1.96119208339951e-06,
      1.8657650002751325e-07,
      1.5952085874459954e-08,
      1.2513151625981322e-09
    ],
    [
      0.00293301185593009,
      0.0013000757899135351,
      0.0003019670257344842,
      4.9006826884578913e-05,
      6.252314960875083e-06,
      6.689064093734487e-07,
      6.251439543802917e-08,
      5.2497375335747165e-09,
      4.0439676607384456e-10
    ]
  ],
  "probs_results": [
    0.14189162850379944,
    0.7959347367286682,
    0.06217377260327339
  ]
}