{
  "skills_mean": [
    [
      0.265693724155426,
      0.8845533728599548
    ],
    [
      -0.2774253189563751,
      0.4263956844806671
    ]
  ],
  "skills_cov": [
    [
      [
        0.01784154586493969,
        0.009922094643115997
      ],
      [
        0.009922094643115997,
        0.024272093549370766
      ]
    ],
    [
      [
        0.020614828914403915,
        0.010249356739223003
      ],
      [
        0.010249356739223003,
        0.021258804947137833
      ]
    ]
  ],
  "probs_grid": [
    [
      0.10476966202259064,
      0.0648757591843605,
      0.020969979465007782,
      0.004717397503554821,
      0.0008308625547215343,
      0.0001222041464643553,
      1.5634343071724288e-05,
      1.7894622033054475e-06,
      1.8704477611208858e-07
    ],
    [
      0.16674204170703888,
      0.10196402668952942,
      0.032537125051021576,
      0.007223866414278746,
      0.0012553324922919273,
      0.00018212151189800352,
      2.2976832042331807e-05,
      2.592772261778009e-06,
      2.671286836175568e-07
    ],
    [
      0.13762091100215912,
      0.08308987319469452,
      0.026170462369918823,
      0.0057333591394126415,
      0.0009828524198383093,
      0.00014062733680475503,
      1.7493341147201136e-05,
      1.9459041595837334e-06,
      1.9758698499572347e-07
    ],
    [
      0.07853418588638306,
      0.04680541902780533,
      0.014548211358487606,
      0.0031444162596017122,
      0.0005316677852533758,
      7.501314394176006e-05,
      9.19932426768355e-06,
      1.0086145039167604e-06,
      1.009236356708243e-07
    ],
    [
      0.03485669195652008,
      0.020502842962741852,
      0.006287834141403437,
      0.0013405821518972516,
      0.0002235371503047645,
      3.109583121840842e-05,
      3.7590709780488396e-06,
      4.0618044749862747e-07,
      4.00469843953033e-08
    ],
    [
      0.012833920307457447,
      0.007449026685208082,
      0.0022536544129252434,
      0.0004738870484288782,
      7.791577081661671e-05,
      1.0685037523217034e-05,
      1.2730970411212184e-06,
      1.3555646205531957e-07,
      1.3167674950409491e-08
    ],
    [
      0.004082908853888512,
      0.002338018734008074,
      0.0006976997829042375,
      0.00014467314758803695,
      2.3451704691979103e-05,
      3.1700740237283753e-06,
      3.7223040294520615e-07,
      3.905212153654247e-08,
      3.737044895757435e-09
    ],
    [
      0.0011542871361598372,
      0.0006520198076032102,
      0.0001918887282954529,
      3.923207987099886e-05,
      6.269147888815496e-06,
      8.352121199095563e-07,
      9.663820321748062e-08,
      9.988764482216084e-09,
      9.415636048615283e-10
    ],
    [
      0.00029601069400087,
      0.00016491404676344246,
      4.7857949539320543e-05,
      9.646334547142033e-06,
      1.5193510307653924e-06,
      1.99476346551819e-07,
      2.2740954008781955e-08,
      2.3155826145426772e-09,
      2.1498809676945285e-10
    ]
  ],
  "probs_results": [
    0.23632028698921204,
    0.6233696937561035,
    0.1403103619813919
  ]
}