{
  "skills_mean": [
    [
      0.37858185172080994,
      0.7522969245910645
    ],
    [
      -0.18283380568027496,
      0.4262470602989197
    ]
  ],
  "skills_cov": [
    [
      [
        0.019239619374275208,
        0.010780064389109612
      ],
      [
        0.010780064389109612,
        0.02347435988485813
      ]
    ],
    [
      [
        0.023622212931513786,
        0.01148682739585638
      ],
      [
        0.01148682739585638,
        0.02277018502354622
      ]
    ]
  ],
  "probs_grid": [
    [
      0.07395617663860321,
      0.05741899833083153,
      0.023306865245103836,
      0.006594364996999502,
      0.0014630111400038004,
      0.0002714614092838019,
      4.387853914522566e-05,
      6.354526249197079e-06,
      8.416325840698846e-07
    ],
    [
      0.13096335530281067,
      0.10009240359067917,
      0.03998567536473274,
      0.01113214809447527,
      0.0024297116324305534,
      0.0004434415604919195,
      7.048991392366588e-05,
      1.0037707397714257e-05,
      1.3070281283944496e-06
    ],
    [
      0.12052987515926361,
      0.09066883474588394,
      0.03564370423555374,
      0.00976320169866085,
      0.002096146810799837,
      0.00037625402910634875,
      5.881371544091962e-05,
      8.234265806095209e-06,
      1.0540265975578222e-06
    ],
    [
      0.0768606960773468,
      0.056901685893535614,
      0.022010017186403275,
      0.005930864252150059,
      0.001252444228157401,
      0.00022108301345724612,
      3.397982436581515e-05,
      4.677047400036827e-06,
      5.884932647859387e-07
    ],
    [
      0.038201939314603806,
      0.02782999537885189,
      0.010590876452624798,
      0.0028072057757526636,
      0.0005830220761708915,
      0.00010120036313310266,
      1.5292613170458935e-05,
      2.0692054931714665e-06,
      2.55909355928452e-07
    ],
    [
      0.01578408107161522,
      0.011313758790493011,
      0.004235515370965004,
      0.0011042135301977396,
      0.00022552591690327972,
      3.849096901831217e-05,
      5.718204192817211e-06,
      7.605418090861349e-07,
      9.244656951068464e-08
    ],
    [
      0.005646588746458292,
      0.003981901332736015,
      0.0014663226902484894,
      0.00037596176844090223,
      7.550674490630627e-05,
      1.267014340555761e-05,
      1.850352077781281e-06,
      2.418977089746477e-07,
      2.8897389370285964e-08
    ],
    [
      0.0017987496685236692,
      0.0012478186981752515,
      0.0004519532376434654,
      0.00011395694309612736,
      2.2503503714688122e-05,
      3.7123591027921066e-06,
      5.329267764864198e-07,
      6.847524502973101e-08,
      8.038892218564797e-09
    ],
    [
      0.0005208046641200781,
      0.00035538244992494583,
      0.0001265923783648759,
      3.138754254905507e-05,
      6.094035143178189e-06,
      9.882847962217056e-07,
      1.394504920426698e-07,
      1.7609698588216816e-08,
      2.031558254955712e-09
    ]
  ],
  "probs_results": [
    0.21632564067840576,
    0.6264963150024414,
    0.15717817842960358
  ]
}