{
  "skills_mean": [
    [
      0.6762357950210571,
      1.0781803131103516
    ],
    [
      0.3197433650493622,
      0.4794448912143707
    ]
  ],
  "skills_cov": [
    [
      [
        0.018310056999325752,
        0.010459725745022297
      ],
      [
        0.010459725745022297,
        0.024101288989186287
      ]
    ],
    [
      [
        0.02068469114601612,
        0.010422193445265293
      ],
      [
        0.010422193445265293,
        0.02177640236914158
      ]
    ]
  ],
  "probs_grid": [
    [
      0.03912663832306862,
      0.036281753331422806,
      0.017545528709888458,
      0.0058995746076107025,
      0.0015515865525230765,
      0.0003404333838261664,
      6.49063877062872e-05,
      1.1059753887820989e-05,
      1.7192079440064845e-06
    ],
    [
      0.0872378796339035,
      0.07964517921209335,
      0.03791559487581253,
      0.012548616155982018,
      0.0032480531372129917,
      0.0007012957357801497,
      0.00013156267232261598,
      2.2055843146517873e-05,
      3.3728674679878168e-06
    ],
    [
      0.10085636377334595,
      0.09064996987581253,
      0.04247947409749031,
      0.013837459497153759,
      0.0035247746855020523,
      0.0007488762494176626,
      0.0001382285845465958,
      2.2798347345087677e-05,
      3.4296824651391944e-06
    ],
    [
      0.08060439676046371,
      0.07131936401128769,
      0.032896313816308975,
      0.010546320118010044,
      0.0026436469051986933,
      0.0005526671884581447,
      0.00010036656021839008,
      1.6285152014461346e-05,
      2.40991744249186e-06
    ],
    [
      0.050093017518520355,
      0.043630119413137436,
      0.019807642325758934,
      0.006249466445297003,
      0.0015415367670357227,
      0.00031708652386441827,
      5.6653283536434174e-05,
      9.042948477144819e-06,
      1.3163338508093148e-06
    ],
    [
      0.02581893466413021,
      0.022135339677333832,
      0.009890537708997726,
      0.003070916049182415,
      0.0007453683647327125,
      0.0001508493151050061,
      2.6515386707615107e-05,
      4.163436642556917e-06,
      5.961302349533071e-07
    ],
    [
      0.011495274491608143,
      0.009700343944132328,
      0.004265705123543739,
      0.0013033512514084578,
      0.00031127326656132936,
      6.197961192810908e-05,
      1.0717628356360365e-05,
      1.6554297417314956e-06,
      2.331430266622192e-07
    ],
    [
      0.004546774551272392,
      0.0037763742730021477,
      0.0016343060415238142,
      0.0004913742304779589,
      0.00011546692985575646,
      2.2619784431299195e-05,
      3.847893367492361e-06,
      5.846323460900749e-07,
      8.098575676740438e-08
    ],
    [
      0.0016307684127241373,
      0.0013330704532563686,
      0.0005677450099028647,
      0.0001679690321907401,
      3.8835474697407335e-05,
      7.484686648240313e-06,
      1.252518472938391e-06,
      1.8719069316830428e-07,
      2.5504517608965216e-08
    ]
  ],
  "probs_results": [
    0.17380402982234955,
    0.6876794099807739,
    0.1385166496038437
  ]
}