{
  "skills_mean": [
    [
      0.09428108483552933,
      0.75602787733078
    ],
    [
      0.254356324672699,
      0.8130602240562439
    ]
  ],
  "skills_cov": [
    [
      [
        0.02637997642159462,
        0.012716652825474739
      ],
      [
        0.012716652825474739,
        0.023631518706679344
      ]
    ],
    [
      [
        0.020595265552401543,
        0.011256895959377289
      ],
      [
        0.011256895959377289,
        0.024680916219949722
      ]
    ]
  ],
  "probs_grid": [
    [
      0.11818419396877289,
      0.13694383203983307,
      0.08270484209060669,
      0.03470803052186966,
      0.011385616846382618,
      0.003113883314654231,
      0.0007395323482342064,
      0.00015686126425862312,
      3.033131724805571e-05
    ],
    [
      0.11149358749389648,
      0.12709207832813263,
      0.0754917785525322,
      0.031153269112110138,
      0.010047385469079018,
      0.002701123943552375,
      0.0006304815760813653,
      0.00013141239469405264,
      2.4966304408735596e-05
    ],
    [
      0.0551791712641716,
      0.06185976788401604,
      0.03612999990582466,
      0.014657814987003803,
      0.004646642133593559,
      0.0012276637135073543,
      0.00028157158521935344,
      5.765951573266648e-05,
      1.0760893019323703e-05
    ],
    [
      0.0190998837351799,
      0.021053075790405273,
      0.012087791226804256,
      0.004819969646632671,
      0.0015015488024801016,
      0.00038979624514468014,
      8.782983786659315e-05,
      1.7666914573055692e-05,
      3.2383161396865034e-06
    ],
    [
      0.00520144309848547,
      0.005635793786495924,
      0.0031802307348698378,
      0.0012461146106943488,
      0.0003814069787040353,
      9.726571443025023e-05,
      2.152675369870849e-05,
      4.252618509781314e-06,
      7.654601290596474e-07
    ],
    [
      0.001188597991131246,
      0.001265654806047678,
      0.0007017757743597031,
      0.00027015412342734635,
      8.122585131786764e-05,
      2.034506542258896e-05,
      4.4219777919352055e-06,
      8.577903827244882e-07,
      1.5159538691023045e-07
    ],
    [
      0.00023737907758913934,
      0.00024835969088599086,
      0.00013528758427128196,
      5.1156825065845624e-05,
      1.5106382306839805e-05,
      3.715735374498763e-06,
      7.929943421913777e-07,
      1.510268958782035e-07,
      2.6201920633184272e-08
    ],
    [
      4.2611667595338076e-05,
      4.3796771933557466e-05,
      2.3433274691342376e-05,
      8.702325430931523e-06,
      2.523448301872122e-06,
      6.094377340559731e-07,
      1.2769002921686479e-07,
      2.3872489762766236e-08,
      4.065279668452604e-09
    ],
    [
      7.017677944531897e-06,
      7.084425305947661e-06,
      3.7225142932584276e-06,
      1.357454493700061e-06,
      3.864735731440305e-07,
      9.163088776631412e-08,
      1.884563261000949e-08,
      3.4581968400004826e-09,
      5.77963510384194e-10
    ]
  ],
  "probs_results": [
    0.2866344153881073,
    0.30038270354270935,
    0.4129830598831177
  ]
}