{
  "skills_mean": [
    [
      0.33559104800224304,
      0.9168039560317993
    ],
    [
      0.22151319682598114,
      0.5051982998847961
    ]
  ],
  "skills_cov": [
    [
      [
        0.017901670187711716,
        0.009604712948203087
      ],
      [
        0.009604712948203087,
        0.020211078226566315
      ]
    ],
    [
      [
        0.019538702443242073,
        0.010729329660534859
      ],
      [
        0.010729329660534859,
        0.023526769131422043
      ]
    ]
  ],
  "probs_grid": [
    [
      0.07381570339202881,
      0.0719137117266655,
      0.036374568939208984,
      0.012735806405544281,
      0.0034723998978734016,
      0.0007863478967919946,
      0.0001540591474622488,
      2.68571366177639e-05,
      4.2526730794634204e-06
    ],
    [
      0.11700306832790375,
      0.11233893781900406,
      0.05599125102162361,
      0.019314762204885483,
      0.005187681410461664,
      0.0011571298819035292,
      0.00022326706675812602,
      3.8327947549987584e-05,
      5.975693056825548e-06
    ],
    [
      0.096363864839077,
      0.09117162227630615,
      0.0447712205350399,
      0.01521449163556099,
      0.004025070462375879,
      0.000884219363797456,
      0.00016800749290268868,
      2.8398599170031957e-05,
      4.359138529252959e-06
    ],
    [
      0.05497939512133598,
      0.05125121399760246,
      0.024793731048703194,
      0.008299299515783787,
      0.002162439050152898,
      0.0004678051045630127,
      8.752233406994492e-05,
      1.4565503988706041e-05,
      2.201016968683689e-06
    ],
    [
      0.024443721398711205,
      0.022448113188147545,
      0.01069715991616249,
      0.003526664339005947,
      0.0009049206273630261,
      0.00019276377861388028,
      3.550800829543732e-05,
      5.817480086989235e-06,
      8.653507848066511e-07
    ],
    [
      0.009032407775521278,
      0.008171044290065765,
      0.0038350645918399096,
      0.0012451523216441274,
      0.00031461016624234617,
      6.598487379960716e-05,
      1.1966204510827083e-05,
      1.9298922779853456e-06,
      2.825644003223715e-07
    ],
    [
      0.0028893109411001205,
      0.002574460580945015,
      0.0011899996316060424,
      0.000380462413886562,
      9.46518630371429e-05,
      1.9544399037840776e-05,
      3.4890897495643003e-06,
      5.538921641345951e-07,
      7.981910243870516e-08
    ],
    [
      0.0008228679653257132,
      0.0007221042178571224,
      0.00032869097776710987,
      0.00010347409988753498,
      2.5344412279082462e-05,
      5.151863206265261e-06,
      9.053185863194813e-07,
      1.414561268120451e-07,
      2.0061927230585752e-08
    ],
    [
      0.00021297112107276917,
      0.00018404796719551086,
      8.249185339082032e-05,
      2.5568240744178183e-05,
      6.1652845033677295e-06,
      1.2336566896919976e-06,
      2.1337827149636723e-07,
      3.2813375128171174e-08,
      4.57979076884385e-09
    ]
  ],
  "probs_results": [
    0.2402377873659134,
    0.5290303230285645,
    0.23073184490203857
  ]
}