{
  "skills_mean": [
    [
      0.2656937539577484,
      0.8845533132553101
    ],
    [
      -0.2774253189563751,
      0.4263956546783447
    ]
  ],
  "skills_cov": [
    [
      [
        0.017841612920165062,
        0.009922124445438385
      ],
      [
        0.009922124445438385,
        0.02427215874195099
      ]
    ],
    [
      [
        0.020614895969629288,
        0.010249384678900242
      ],
      [
        0.010249384678900242,
        0.02125886082649231
      ]
    ]
  ],
  "probs_grid": [
    [
      0.10476963222026825,
      0.06487573683261871,
      0.020969973877072334,
      0.004717401694506407,
      0.0008308637770824134,
      0.0001222044083988294,
      1.5634383089491166e-05,
      1.789467319213145e-06,
      1.870455434982432e-07
    ],
    [
      0.16674195230007172,
      0.10196401178836823,
      0.03253712132573128,
      0.007223868742585182,
      0.0012553337728604674,
      0.00018212178838439286,
      2.2976877517066896e-05,
      2.592779992482974e-06,
      2.6712982048593403e-07
    ],
    [
      0.1376209557056427,
      0.08308985829353333,
      0.02617044933140278,
      0.005733361933380365,
      0.000982853351160884,
      0.000140627525979653,
      1.7493375707999803e-05,
      1.945910526046646e-06,
      1.975876671167498e-07
    ],
    [
      0.07853417843580246,
      0.04680541902780533,
      0.01454821415245533,
      0.003144415793940425,
      0.0005316681927070022,
      7.50132167013362e-05,
      9.199339729093481e-06,
      1.0086168913403526e-06,
      1.0092386304449974e-07
    ],
    [
      0.034856703132390976,
      0.020502839237451553,
      0.006287833210080862,
      0.0013405827339738607,
      0.0002235372958239168,
      3.109586032223888e-05,
      3.75907893612748e-06,
      4.061813001499104e-07,
      4.0047108740282056e-08
    ],
    [
      0.012833927758038044,
      0.007449030876159668,
      0.0022536565084010363,
      0.0004738872521556914,
      7.791583630023524e-05,
      1.0685052075132262e-05,
      1.273099201171135e-06,
      1.3555678890497802e-07,
      1.3167717582973637e-08
    ],
    [
      0.00408291257917881,
      0.0023380222264677286,
      0.0006977003067731857,
      0.00014467330765910447,
      2.3451726519851945e-05,
      3.1700776617071824e-06,
      3.722311987530702e-07,
      3.905222101252548e-08,
      3.737057774344521e-09
    ],
    [
      0.0011542885331436992,
      0.000652020622510463,
      0.0001918890338856727,
      3.923216354451142e-05,
      6.269160621741321e-06,
      8.352140525857976e-07,
      9.663849454000228e-08,
      9.988793792103934e-09,
      9.415677126867195e-10
    ],
    [
      0.0002960114798042923,
      0.00016491441056132317,
      4.785806231666356e-05,
      9.646351827541366e-06,
      1.5193545550573617e-06,
      1.9947682972087932e-07,
      2.2741023286698692e-08,
      2.3155901640592447e-09,
      2.149888739255701e-10
    ]
  ],
  "probs_results": [
    0.23632024228572845,
    0.6233696341514587,
    0.1403103470802307
  ]
}