{
  "skills_mean": [
    [
      0.5596762895584106,
      0.8547507524490356
    ],
    [
      0.631948709487915,
      1.0502046346664429
    ]
  ],
  "skills_cov": [
    [
      [
        0.021008970215916634,
        0.011330356821417809
      ],
      [
        0.011330356821417809,
        0.02502465434372425
      ]
    ],
    [
      [
        0.018766965717077255,
        0.010901357978582382
      ],
      [
        0.010901357978582382,
        0.024772854521870613
      ]
    ]
  ],
  "probs_grid": [
    [
      0.06421396136283875,
      0.0971776694059372,
      0.07656998187303543,
      0.04187953099608421,
      0.01788569800555706,
      0.006361410487443209,
      0.001962575362995267,
      0.0005401442176662385,
      0.0001353657280560583
    ],
    [
      0.07590233534574509,
      0.11298683285713196,
      0.08755996823310852,
      0.04709658399224281,
      0.01977839693427086,
      0.0069166808389127254,
      0.0020979391410946846,
      0.0005676322616636753,
      0.00013983853568788618
    ],
    [
      0.04681695997714996,
      0.06854115426540375,
      0.05223453789949417,
      0.027626561000943184,
      0.01140707265585661,
      0.003921831026673317,
      0.0011693895794451237,
      0.0003110119723714888,
      7.53100321162492e-05
    ],
    [
      0.020089801400899887,
      0.028922945261001587,
      0.02167324535548687,
      0.011270087212324142,
      0.00457478454336524,
      0.001546133658848703,
      0.0004531546146608889,
      0.00011845807603094727,
      2.8191303499625064e-05
    ],
    [
      0.00674660038203001,
      0.00955034326761961,
      0.007035997696220875,
      0.003596791299059987,
      0.0014351875288411975,
      0.00047676300164312124,
      0.0001373375707771629,
      3.528315937728621e-05,
      8.251879989984445e-06
    ],
    [
      0.00189112382940948,
      0.002631916431710124,
      0.0019061510683968663,
      0.0009578304016031325,
      0.0003756558580789715,
      0.00012264792167115957,
      3.4721262636594474e-05,
      8.765873644733801e-06,
      2.014555320783984e-06
    ],
    [
      0.00046085688518360257,
      0.000630508700851351,
      0.00044886162504553795,
      0.0002216890425188467,
      8.545038872398436e-05,
      2.741720345511567e-05,
      7.627278137078974e-06,
      1.8921538185168174e-06,
      4.2727242544060573e-07
    ],
    [
      0.00010041843052022159,
      0.00013504258822649717,
      9.449048957321793e-05,
      4.586515569826588e-05,
      1.7373402442899533e-05,
      5.47769332115422e-06,
      1.4973446695876191e-06,
      3.649750794920692e-07,
      8.09737201734606e-08
    ],
    [
      1.9969687855336815e-05,
      2.6395069653517567e-05,
      1.8150974938180298e-05,
      8.658111255499534e-06,
      3.2227280826191418e-06,
      9.98408040686627e-07,
      2.6815084197551187e-07,
      6.421624476615762e-08,
      1.3996852565867357e-08
    ]
  ],
  "probs_results": [
    0.24230284988880157,
    0.299030601978302,
    0.4586665630340576
  ]
}