{
  "kappa": 1.9405986070632935,
  "alpha": -0.28514617681503296,
  "beta": -1.5023119449615479,
  "init_mean": [
    -0.2391151785850525,
    -0.24018414318561554
  ],
  "init_cov": [
    [
      0.2750856578350067,
      0.05409646034240723
    ],
    [
      0.05409646034240723,
      0.3698079586029053
    ]
  ],
  "friendly_scale": 4.491672992706299,
  "neutral_scale": 3.989549160003662
}