{
  "skills_mean": [
    [
      0.31183332204818726,
      1.1872535943984985
    ],
    [
      -0.044818054884672165,
      0.24307075142860413
    ]
  ],
  "skills_cov": [
    [
      [
        0.014787661843001842,
        0.008476045913994312
      ],
      [
        0.008476045913994312,
        0.02428077720105648
      ]
    ],
    [
      [
        0.020312948152422905,
        0.009857052005827427
      ],
      [
        0.009857052005827427,
        0.022118616849184036
      ]
    ]
  ],
  "probs_grid": [
    [
      0.07270978391170502,
      0.04222385957837105,
      0.01279673632234335,
      0.002698599360883236,
      0.00044546157005243003,
      6.13937372690998e-05,
      7.358486982411705e-06,
      7.888918958087743e-07,
      7.722247374886138e-08
    ],
    [
      0.14358775317668915,
      0.08242567628622055,
      0.024686474353075027,
      0.0051432265900075436,
      0.0008385584806092083,
      0.00011412157618906349,
      1.3503713489626534e-05,
      1.4289238379205926e-06,
      1.380300744813212e-07
    ],
    [
      0.1467055380344391,
      0.08323349803686142,
      0.02463105320930481,
      0.0050691538490355015,
      0.0008162115118466318,
      0.00010967458365485072,
      1.281047207157826e-05,
      1.3378413541431655e-06,
      1.2751689837386948e-07
    ],
    [
      0.10339144617319107,
      0.05796603113412857,
      0.016946613788604736,
      0.003444711910560727,
      0.0005476918304339051,
      7.2653972893022e-05,
      8.376202458748594e-06,
      8.632353569737461e-07,
      8.118078653751581e-08
    ],
    [
      0.05653911456465721,
      0.031319133937358856,
      0.009044474922120571,
      0.001815581344999373,
      0.00028501282213255763,
      3.7321682611946017e-05,
      4.246539901942015e-06,
      4.318377762047021e-07,
      4.00654016630142e-08
    ],
    [
      0.025587718933820724,
      0.014002390205860138,
      0.0039937738329172134,
      0.0007916371105238795,
      0.00012268526188563555,
      1.5856918253120966e-05,
      1.7804870822146768e-06,
      1.786448535767704e-07,
      1.6350476528259605e-08
    ],
    [
      0.009982127696275711,
      0.0053956713527441025,
      0.001519780489616096,
      0.00029742991318926215,
      4.550127050606534e-05,
      5.804142347187735e-06,
      6.430810230995121e-07,
      6.365743132619173e-08,
      5.747088582808146e-09
    ],
    [
      0.003452392527833581,
      0.0018430593190714717,
      0.0005125999450683594,
      9.903690806822851e-05,
      1.4954302059777547e-05,
      1.882477022263629e-06,
      2.0579246040597354e-07,
      2.0096088348964258e-08,
      1.7895295245651255e-09
    ],
    [
      0.00108053267467767,
      0.0005696426378563046,
      0.0001564221311127767,
      2.983239755849354e-05,
      4.4457733565650415e-06,
      5.522340984498442e-07,
      5.9560932186286664e-08,
      5.737344821454826e-09,
      5.038937600509996e-10
    ]
  ],
  "probs_results": [
    0.18364375829696655,
    0.7205733060836792,
    0.09578312933444977
  ]
}