{
  "skills_mean": [
    [
      0.005025704391300678,
      0.7240586280822754
    ],
    [
      0.2193765640258789,
      0.83387291431427
    ]
  ],
  "skills_cov": [
    [
      [
        0.018364926800131798,
        0.009283716790378094
      ],
      [
        0.009283716790378094,
        0.021707959473133087
      ]
    ],
    [
      [
        0.021120470017194748,
        0.01213102601468563
      ],
      [
        0.01213102601468563,
        0.02780860662460327
      ]
    ]
  ],
  "probs_grid": [
    [
      0.13121093809604645,
      0.1511133909225464,
      0.0906052440404892,
      0.03770753741264343,
      0.012253121472895145,
      0.00331591023132205,
      0.0007783742621541023,
      0.00016300524293910712,
      3.1085517548490316e-05
    ],
    [
      0.11130407452583313,
      0.12645037472248077,
      0.07477137446403503,
      0.030681023374199867,
      0.009827637113630772,
      0.0026210336945950985,
      0.0006062310421839356,
      0.00012506870552897453,
      2.349229544051923e-05
    ],
    [
      0.049327459186315536,
      0.055263880640268326,
      0.03221789747476578,
      0.013030911795794964,
      0.004113440867513418,
      0.0010809190571308136,
      0.0002462870324961841,
      5.004466947866604e-05,
      9.256954399461392e-06
    ],
    [
      0.0152269396930933,
      0.016818372532725334,
      0.009664136916399002,
      0.003851888468489051,
      0.0011979852570220828,
      0.00031010308885015547,
      6.958968879189342e-05,
      1.392451213177992e-05,
      2.5359547635162016e-06
    ],
    [
      0.0036830229219049215,
      0.00400937907397747,
      0.0022702261339873075,
      0.0008914737263694406,
      0.0002731087733991444,
      6.962486077100039e-05,
      1.5385305232484825e-05,
      3.0309377052617492e-06,
      5.433891487882647e-07
    ],
    [
      0.0007444930961355567,
      0.0007985909469425678,
      0.0004454768495634198,
      0.00017230396042577922,
      5.1985105528729036e-05,
      1.3049502740614116e-05,
      2.8389358703861944e-06,
      5.505333433575288e-07,
      9.714389648252109e-08
    ],
    [
      0.00013100133219268173,
      0.00013842896441929042,
      7.605691644130275e-05,
      2.896990736189764e-05,
      8.605971743236296e-06,
      2.1267590000206837e-06,
      4.5542958559963154e-07,
      8.692239816809888e-08,
      1.5093533534127346e-08
    ],
    [
      2.063713691313751e-05,
      2.147786108253058e-05,
      1.1620417353697121e-05,
      4.357941634225426e-06,
      1.274444002774544e-06,
      3.1000180911178177e-07,
      6.533323215762721e-08,
      1.2270341187559097e-08,
      2.0964057156902527e-09
    ],
    [
      2.9709847240155796e-06,
      3.044675395358354e-06,
      1.621827095732442e-06,
      5.987332087897812e-07,
      1.7233814730843733e-07,
      4.125498875851008e-08,
      8.55545767564081e-09,
      1.5809227260632497e-09,
      2.657210285139655e-10
    ]
  ],
  "probs_results": [
    0.2940225601196289,
    0.27112963795661926,
    0.4348478317260742
  ]
}