{
  "skills_mean": [
    [
      0.6762357950210571,
      1.0781803131103516
    ],
    [
      0.3197433352470398,
      0.47944486141204834
    ]
  ],
  "skills_cov": [
    [
      [
        0.018310116603970528,
        0.01045976672321558
      ],
      [
        0.01045976672321558,
        0.024101348593831062
      ]
    ],
    [
      [
        0.02068474516272545,
        0.010422229766845703
      ],
      [
        0.010422229766845703,
        0.021776452660560608
      ]
    ]
  ],
  "probs_grid": [
    [
      0.03912665322422981,
      0.036281757056713104,
      0.017545543611049652,
      0.00589958019554615,
      0.0015515879495069385,
      0.0003404338494874537,
      6.490653322543949e-05,
      1.1059786629630253e-05,
      1.7192135146615328e-06
    ],
    [
      0.08723791688680649,
      0.07964524626731873,
      0.037915606051683426,
      0.012548628263175488,
      0.0032480524387210608,
      0.0007012963760644197,
      0.00013156286149751395,
      2.205589225923177e-05,
      3.3728781545505626e-06
    ],
    [
      0.10085634142160416,
      0.09064999967813492,
      0.042479462921619415,
      0.01383745763450861,
      0.0035247753839939833,
      0.0007488772389478981,
      0.00013822874461766332,
      2.279837462992873e-05,
      3.4296922422072385e-06
    ],
    [
      0.0806044265627861,
      0.07131936401128769,
      0.03289632126688957,
      0.010546323843300343,
      0.002643648302182555,
      0.000552667654119432,
      0.00010036668390966952,
      1.628517384233419e-05,
      2.4099226720863953e-06
    ],
    [
      0.05009305477142334,
      0.04363010451197624,
      0.01980764791369438,
      0.006249465048313141,
      0.0015415374655276537,
      0.0003170867857988924,
      5.665332719217986e-05,
      9.042957572091836e-06,
      1.3163354424250429e-06
    ],
    [
      0.025818945840001106,
      0.02213534340262413,
      0.009890538640320301,
      0.003070917446166277,
      0.0007453685975633562,
      0.00015084938786458224,
      2.6515404897509143e-05,
      4.1634420995251276e-06,
      5.961310307611711e-07
    ],
    [
      0.011495284736156464,
      0.009700353257358074,
      0.0042657083831727505,
      0.001303351134993136,
      0.00031127326656132936,
      6.197966285981238e-05,
      1.071763654181268e-05,
      1.6554303101656842e-06,
      2.3314328245760407e-07
    ],
    [
      0.004546781070530415,
      0.003776377299800515,
      0.001634307554922998,
      0.0004913745215162635,
      0.0001154669516836293,
      2.2619798983214423e-05,
      3.847893822239712e-06,
      5.846327439940069e-07,
      8.098583492710532e-08
    ],
    [
      0.0016307714395225048,
      0.0013330727815628052,
      0.0005677459412254393,
      0.0001679691777098924,
      3.883551471517421e-05,
      7.484693469450576e-06,
      1.2525191550594172e-06,
      1.8719092054197972e-07,
      2.5504554912458843e-08
    ]
  ],
  "probs_results": [
    0.17380404472351074,
    0.6876794099807739,
    0.13851666450500488
  ]
}