{
  "skills_mean": [
    [
      -0.2080959975719452,
      0.4790010452270508
    ],
    [
      0.22283171117305756,
      0.6988617777824402
    ]
  ],
  "skills_cov": [
    [
      [
        0.02085113152861595,
        0.011032220907509327
      ],
      [
        0.011032220907509327,
        0.024089880287647247
      ]
    ],
    [
      [
        0.01995711587369442,
        0.01141287386417389
      ],
      [
        0.01141287386417389,
        0.02501699887216091
      ]
    ]
  ],
  "probs_grid": [
    [
      0.10124941170215607,
      0.14730192720890045,
      0.11163057386875153,
      0.05875063315033913,
      0.02415487729012966,
      0.008274508640170097,
      0.0024598303716629744,
      0.0006526476936414838,
      0.00015774910571053624
    ],
    [
      0.0802825316786766,
      0.11502891033887863,
      0.0858355313539505,
      0.044473618268966675,
      0.017998106777668,
      0.006067743059247732,
      0.0017749612452462316,
      0.0004633422358892858,
      0.00011017276119673625
    ],
    [
      0.03324595093727112,
      0.04690141603350639,
      0.0344531275331974,
      0.017570054158568382,
      0.006997410673648119,
      0.0023212044034153223,
      0.0006680221413262188,
      0.00017153944645542651,
      4.0118560718838125e-05
    ],
    [
      0.00958647858351469,
      0.013312667608261108,
      0.009624837897717953,
      0.00483008474111557,
      0.0018926559714600444,
      0.0006176470196805894,
      0.00017484553973190486,
      4.415832881932147e-05,
      1.0156186363019515e-05
    ],
    [
      0.0021652530413120985,
      0.002959215547889471,
      0.0021052267402410507,
      0.0010394176933914423,
      0.0004006608505733311,
      0.00012860543210990727,
      3.58042998414021e-05,
      8.892142432159744e-06,
      2.010910520766629e-06
    ],
    [
      0.00040859021828509867,
      0.0005494484212249517,
      0.00038455327739939094,
      0.00018676491163205355,
      7.080656359903514e-05,
      2.2350910512614064e-05,
      6.118731562310131e-06,
      1.4940929986551055e-06,
      3.32174977302202e-07
    ],
    [
      6.709597073495388e-05,
      8.876065112417564e-05,
      6.110485992394388e-05,
      2.9186667234171182e-05,
      1.0881289199460298e-05,
      3.3773076211218722e-06,
      9.089906143344706e-07,
      2.1820048345944087e-07,
      4.768547157141256e-08
    ],
    [
      9.861400940280873e-06,
      1.2831193089368753e-05,
      8.687028639542405e-06,
      4.080155122210272e-06,
      1.495615606472711e-06,
      4.5636440404450695e-07,
      1.2074229971403838e-07,
      2.8488839731721782e-08,
      6.119091899847717e-09
    ],
    [
      1.3241503893368645e-06,
      1.6943155287663103e-06,
      1.127911900766776e-06,
      5.208444804338797e-07,
      1.876865241001724e-07,
      5.629415866792442e-08,
      1.4638930956323293e-08,
      3.3945768418419675e-09,
      7.165131821196269e-10
    ]
  ],
  "probs_results": [
    0.2560088038444519,
    0.20314452052116394,
    0.5408469438552856
  ]
}