{
  "skills_mean": [
    [
      -0.14248286187648773,
      0.5872007608413696
    ],
    [
      -0.04302094504237175,
      0.5115392804145813
    ]
  ],
  "skills_cov": [
    [
      [
        0.021099798381328583,
        0.010305344127118587
      ],
      [
        0.010305344127118587,
        0.022066758945584297
      ]
    ],
    [
      [
        0.0218515582382679,
        0.01144601870328188
      ],
      [
        0.01144601870328188,
        0.02373816817998886
      ]
    ]
  ],
  "probs_grid": [
    [
      0.1279565691947937,
      0.13109099864959717,
      0.06999971717596054,
      0.025974109768867493,
      0.007534043863415718,
      0.0018220199272036552,
      0.0003826571046374738,
      7.17790171620436e-05,
      1.2275347216927912e-05
    ],
    [
      0.12813982367515564,
      0.1294270157814026,
      0.06811890751123428,
      0.024907341226935387,
      0.007117560598999262,
      0.0016954300226643682,
      0.00035064935218542814,
      6.476123235188425e-05,
      1.0902570465987083e-05
    ],
    [
      0.06694166362285614,
      0.06664280593395233,
      0.03456276282668114,
      0.012450387701392174,
      0.0035043603274971247,
      0.0008220396121032536,
      0.000167393809533678,
      3.043390461243689e-05,
      5.042841166869039e-06
    ],
    [
      0.02432248368859291,
      0.02386009506881237,
      0.01219097524881363,
      0.004325462505221367,
      0.0011989237973466516,
      0.0002769024868030101,
      5.550700370804407e-05,
      9.932712600857485e-06,
      1.6196423757719458e-06
    ],
    [
      0.006914128083735704,
      0.006682020612061024,
      0.00336271058768034,
      0.0011749337427318096,
      0.00032064231345430017,
      7.290014764294028e-05,
      1.438298113498604e-05,
      2.5327963157906197e-06,
      4.063668654907815e-07
    ],
    [
      0.0016401326283812523,
      0.0015612031565979123,
      0.0007736897678114474,
      0.00026615578099153936,
      7.15011265128851e-05,
      1.599989082023967e-05,
      3.1064612358022714e-06,
      5.38246695214184e-07,
      8.495775460914956e-08
    ],
    [
      0.0003381619753781706,
      0.0003169754345435649,
      0.00015465875912923366,
      5.2373186917975545e-05,
      1.3847780792275444e-05,
      3.0493720259983093e-06,
      5.825332891618018e-07,
      9.929714650525057e-08,
      1.54170383126484e-08
    ],
    [
      6.232652958715335e-05,
      5.7518831454217434e-05,
      2.7626159862848e-05,
      9.207592484017368e-06,
      2.3957427401910536e-06,
      5.190739784666221e-07,
      9.75523661850275e-08,
      1.6356645815562842e-08,
      2.4977253598734706e-09
    ],
    [
      1.0481863682798576e-05,
      9.522106665826868e-06,
      4.501228431763593e-06,
      1.4763072613277473e-06,
      3.7794399077029084e-07,
      8.055870637235785e-08,
      1.4892227895302312e-08,
      2.4558419742248816e-09,
      3.6879346798635027e-10
    ]
  ],
  "probs_results": [
    0.2966124415397644,
    0.3456134498119354,
    0.3577738404273987
  ]
}