{
  "skills_mean": [
    [
      0.4522293508052826,
      0.7270177602767944
    ],
    [
      0.3693702816963196,
      0.5858335494995117
    ]
  ],
  "skills_cov": [
    [
      [
        0.01873772405087948,
        0.010125091299414635
      ],
      [
        0.010125091299414635,
        0.02086780034005642
      ]
    ],
    [
      [
        0.020117562264204025,
        0.010375519283115864
      ],
      [
        0.010375519283115864,
        0.02136739157140255
      ]
    ]
  ],
  "probs_grid": [
    [
      0.04717714712023735,
      0.06349500268697739,
      0.04439188167452812,
      0.021494772285223007,
      0.008108656853437424,
      0.002541836816817522,
      0.0006896421546116471,
      0.0001665624149609357,
      3.6553279642248526e-05
    ],
    [
      0.07802025973796844,
      0.1033821776509285,
      0.07115400582551956,
      0.03391406312584877,
      0.012592480517923832,
      0.00388500839471817,
      0.001037335372529924,
      0.0002465442521497607,
      5.324025914887898e-05
    ],
    [
      0.06694980710744858,
      0.08733402192592621,
      0.05916894972324371,
      0.02775838039815426,
      0.010144039057195187,
      0.0030799589585512877,
      0.0008092737989500165,
      0.00018926351913250983,
      4.0214516047853976e-05
    ],
    [
      0.03974305838346481,
      0.05103395879268646,
      0.03403264284133911,
      0.015713997185230255,
      0.005651463288813829,
      0.0016885786317288876,
      0.0004365857457742095,
      0.00010046438546851277,
      2.100266829074826e-05
    ],
    [
      0.018359454348683357,
      0.023205559700727463,
      0.015230926685035229,
      0.006921190302819014,
      0.0024495511315762997,
      0.0007201927364803851,
      0.00018321911920793355,
      4.148218795307912e-05,
      8.531957064406015e-06
    ],
    [
      0.0070394063368439674,
      0.008757398463785648,
      0.005656932480633259,
      0.002529730321839452,
      0.0008810238796286285,
      0.00025487583479844034,
      6.379736441886052e-05,
      1.4210874724085443e-05,
      2.875491418308229e-06
    ],
    [
      0.002333348849788308,
      0.0028569360729306936,
      0.001816160511225462,
      0.0007992142345756292,
      0.00027388145099394023,
      7.795814599376172e-05,
      1.919851820275653e-05,
      4.2072042560903355e-06,
      8.374723279302998e-07
    ],
    [
      0.0006876785773783922,
      0.0008286388474516571,
      0.0005183760658837855,
      0.00022446522780228406,
      7.568579167127609e-05,
      2.119592136295978e-05,
      5.13537497681682e-06,
      1.1071041399191017e-06,
      2.1678739869912533e-07
    ],
    [
      0.00018393617938272655,
      0.00021811483020428568,
      0.00013426759687718004,
      5.720731496694498e-05,
      1.8978646039613523e-05,
      5.229075213719625e-06,
      1.2463558505260153e-06,
      2.643217271725007e-07,
      5.091337129670137e-08
    ]
  ],
  "probs_results": [
    0.22822023928165436,
    0.4569396674633026,
    0.31483981013298035
  ]
}