{
  "skills_mean": [
    [
      0.061944711953401566,
      0.4507223665714264
    ],
    [
      0.5914943218231201,
      0.8656144738197327
    ]
  ],
  "skills_cov": [
    [
      [
        0.02257448621094227,
        0.010935353115200996
      ],
      [
        0.010935353115200996,
        0.02455987222492695
      ]
    ],
    [
      [
        0.017924999818205833,
        0.010542603209614754
      ],
      [
        0.010542603209614754,
        0.02471715211868286
      ]
    ]
  ],
  "probs_grid": [
    [
      0.04612458869814873,
      0.09728894382715225,
      0.10663629323244095,
      0.08097360283136368,
      0.04791567847132683,
      0.023565705865621567,
      0.010032794438302517,
      0.003802577033638954,
      0.001309612998738885
    ],
    [
      0.04086177423596382,
      0.08483914285898209,
      0.09152700006961823,
      0.0684015229344368,
      0.03983340039849281,
      0.019278347492218018,
      0.008076198399066925,
      0.0030118809081614017,
      0.0010206077713519335
    ],
    [
      0.01892341487109661,
      0.03866839408874512,
      0.041053738445043564,
      0.030191300436854362,
      0.017300087958574295,
      0.008238165639340878,
      0.0033955147955566645,
      0.0012458172859624028,
      0.0004153138434048742
    ],
    [
      0.006107840687036514,
      0.012281624600291252,
      0.012830170802772045,
      0.00928353052586317,
      0.005233655218034983,
      0.0024518317077308893,
      0.0009941414464265108,
      0.00035880785435438156,
      0.00011766142415581271
    ],
    [
      0.0015456192195415497,
      0.003057879162952304,
      0.0031428071670234203,
      0.002237137174233794,
      0.001240667188540101,
      0.0005717285093851388,
      0.00022802270541433245,
      8.094807708403096e-05,
      2.6108378733624704e-05
    ],
    [
      0.0003270694287493825,
      0.0006365751032717526,
      0.0006435935501940548,
      0.0004506366094574332,
      0.00024581473553553224,
      0.00011141439608763903,
      4.370310125523247e-05,
      1.525837342342129e-05,
      4.839909252041252e-06
    ],
    [
      6.02828549745027e-05,
      0.00011540926789166406,
      0.00011476652434794232,
      7.903512596385553e-05,
      4.240055204718374e-05,
      1.8899794667959213e-05,
      7.290617304533953e-06,
      2.503131327102892e-06,
      7.807737461007491e-07
    ],
    [
      9.953177141142078e-06,
      1.8741131498245522e-05,
      1.832881935115438e-05,
      1.2413170225045178e-05,
      6.548751571244793e-06,
      2.87046464109153e-06,
      1.0888131782849086e-06,
      3.675826008020522e-07,
      1.127374744669396e-07
    ],
    [
      1.502659415564267e-06,
      2.782500587272807e-06,
      2.676041276572505e-06,
      1.782134404493263e-06,
      9.244825491805386e-07,
      3.984372085596988e-07,
      1.4859878660899994e-07,
      4.932420338832344e-08,
      1.4873313247676379e-08
    ]
  ],
  "probs_results": [
    0.18289440870285034,
    0.14265359938144684,
    0.6744520664215088
  ]
}