{
  "skills_mean": [
    [
      0.5158234238624573,
      0.8228051662445068
    ],
    [
      0.3647613525390625,
      0.6707950234413147
    ]
  ],
  "skills_cov": [
    [
      [
        0.01908094994723797,
        0.010270362719893456
      ],
      [
        0.010270362719893456,
        0.022371847182512283
      ]
    ],
    [
      [
        0.015586018562316895,
        0.008356176316738129
      ],
      [
        0.008356176316738129,
        0.021204352378845215
      ]
    ]
  ],
  "probs_grid": [
    [
      0.0557531900703907,
      0.06812150031328201,
      0.04313136637210846,
      0.018867462873458862,
      0.006414675619453192,
      0.0018079276196658611,
      0.000439983035903424,
      9.509309165878221e-05,
      1.863151373981964e-05
    ],
    [
      0.08995288610458374,
      0.10840778797864914,
      0.06769440323114395,
      0.029201848432421684,
      0.009789623320102692,
      0.002720355521887541,
      0.0006526738870888948,
      0.0001390556280966848,
      2.6855455871555023e-05
    ],
    [
      0.07533019036054611,
      0.08953658491373062,
      0.05513570457696915,
      0.02345242351293564,
      0.007751743774861097,
      0.0021236182656139135,
      0.0005022584227845073,
      0.00010547876445343718,
      2.0078094166819938e-05
    ],
    [
      0.043655022978782654,
      0.05116933584213257,
      0.031070120632648468,
      0.01303037814795971,
      0.0042460826225578785,
      0.0011466966243460774,
      0.0002673295675776899,
      5.533492731046863e-05,
      1.0381019819760695e-05
    ],
    [
      0.019693661481142044,
      0.022761819884181023,
      0.013627097010612488,
      0.005634321831166744,
      0.0018099192529916763,
      0.0004818035813514143,
      0.00011070965410908684,
      2.2585181795875542e-05,
      4.175607955403393e-06
    ],
    [
      0.0073762498795986176,
      0.008405904285609722,
      0.004961465019732714,
      0.0020222689490765333,
      0.0006403413135558367,
      0.00016801321180537343,
      3.804942389251664e-05,
      7.64969900046708e-06,
      1.3937020639787079e-06
    ],
    [
      0.0023891860619187355,
      0.002684319391846657,
      0.0015619115438312292,
      0.0006275465711951256,
      0.00019585962581913918,
      5.064891593065113e-05,
      1.1304131476208568e-05,
      2.239579544038861e-06,
      4.020662345283199e-07
    ],
    [
      0.0006882775924168527,
      0.0007623447454534471,
      0.00043726179865188897,
      0.00017316632147412747,
      5.3267442126525566e-05,
      1.3575481716543436e-05,
      2.9857978915970307e-06,
      5.829074893881625e-07,
      1.0311322284906055e-07
    ],
    [
      0.0001800068566808477,
      0.0001965406845556572,
      0.00011111747880931944,
      4.337217615102418e-05,
      1.3148754078429192e-05,
      3.302345703559695e-06,
      7.157209438446444e-07,
      1.3768041640105366e-07,
      2.3996626907774044e-08
    ]
  ],
  "probs_results": [
    0.23436030745506287,
    0.4761141836643219,
    0.2895255982875824
  ]
}