{
  "skills_mean": [
    [
      0.7927559018135071,
      1.1438122987747192
    ],
    [
      0.3527139127254486,
      0.7219588160514832
    ]
  ],
  "skills_cov": [
    [
      [
        0.016387084499001503,
        0.009947063401341438
      ],
      [
        0.009947063401341438,
        0.025394583120942116
      ]
    ],
    [
      [
        0.020108884200453758,
        0.011233503930270672
      ],
      [
        0.011233503930270672,
        0.024340637028217316
      ]
    ]
  ],
  "probs_grid": [
    [
      0.05255460739135742,
      0.04700995236635208,
      0.021946853026747704,
      0.007129680830985308,
      0.0018130416283383965,
      0.00038493203464895487,
      7.107156852725893e-05,
      1.1736698979802895e-05,
      1.7695181213639444e-06
    ],
    [
      0.10420332849025726,
      0.09177374094724655,
      0.04217827692627907,
      0.013486788608133793,
      0.003375251078978181,
      0.0007051537977531552,
      0.00012809813779313117,
      2.0810801288462244e-05,
      3.0863566280459054e-06
    ],
    [
      0.10722676664590836,
      0.09297332912683487,
      0.04206100478768349,
      0.01323691662400961,
      0.0032599593978375196,
      0.0006701339734718204,
      0.00011976763926213607,
      1.9140585209243e-05,
      2.7921337277803104e-06
    ],
    [
      0.07634326815605164,
      0.06516394019126892,
      0.02901652455329895,
      0.008986868895590305,
      0.002177869202569127,
      0.0004404789360705763,
      7.74455038481392e-05,
      1.2174678886367474e-05,
      1.7467856423536432e-06
    ],
    [
      0.04230494797229767,
      0.0355447493493557,
      0.015577539801597595,
      0.004747754894196987,
      0.0011320944176986814,
      0.00022526553948409855,
      3.896148700732738e-05,
      6.0244897213124204e-06,
      8.501253319082025e-07
    ],
    [
      0.019460150972008705,
      0.01609337329864502,
      0.0069410833530128,
      0.0020816922187805176,
      0.0004883790970779955,
      9.56015064730309e-05,
      1.6264986697933637e-05,
      2.4736721115914406e-06,
      3.432941468872741e-07
    ],
    [
      0.007739548105746508,
      0.006299484521150589,
      0.0026737183798104525,
      0.0007890067063271999,
      0.0001821147307055071,
      3.5069351724814624e-05,
      5.868749212822877e-06,
      8.778482651905506e-07,
      1.1980884551121562e-07
    ],
    [
      0.002737060422077775,
      0.002192486310377717,
      0.000915702898055315,
      0.0002658725425135344,
      6.0372847656253725e-05,
      1.1436173736001365e-05,
      1.8823923255695263e-06,
      2.7691962145581783e-07,
      3.716666441277994e-08
    ],
    [
      0.00087852927390486,
      0.0006925466004759073,
      0.0002846118004526943,
      8.130295464070514e-05,
      1.816186704672873e-05,
      3.3840719879663084e-06,
      5.478547677739698e-07,
      7.926194456331359e-08,
      1.0461208788115073e-08
    ]
  ],
  "probs_results": [
    0.19676433503627777,
    0.6445351243019104,
    0.15870054066181183
  ]
}