{
  "skills_mean": [
    [
      -0.00045075683738105,
      0.37714293599128723
    ],
    [
      0.5741598010063171,
      1.1810623407363892
    ]
  ],
  "skills_cov": [
    [
      [
        0.01860835775732994,
        0.009554816409945488
      ],
      [
        0.009554816409945488,
        0.019781634211540222
      ]
    ],
    [
      [
        0.018183894455432892,
        0.011167900636792183
      ],
      [
        0.011167900636792183,
        0.027146585285663605
      ]
    ]
  ],
  "probs_grid": [
    [
      0.05381035432219505,
      0.11970238387584686,
      0.13784153759479523,
      0.10954609513282776,
      0.06758712232112885,
      0.03452766314148903,
      0.01521215494722128,
      0.005944625940173864,
      0.0021031831856817007
    ],
    [
      0.03313349187374115,
      0.07265909016132355,
      0.08247167617082596,
      0.06459710001945496,
      0.039276137948036194,
      0.019771572202444077,
      0.008582958951592445,
      0.003304526675492525,
      0.0011517780367285013
    ],
    [
      0.010655812919139862,
      0.023030051961541176,
      0.025760244578123093,
      0.019881844520568848,
      0.01191055215895176,
      0.005907003302127123,
      0.0025261116679757833,
      0.00095803861040622,
      0.00032890646252781153
    ],
    [
      0.0023864125832915306,
      0.00508210388943553,
      0.005600766744464636,
      0.00425857724621892,
      0.002513125305995345,
      0.0012276957277208567,
      0.0005171140655875206,
      0.00019315163081046194,
      6.530457176268101e-05
    ],
    [
      0.00041867600521072745,
      0.0008783659432083368,
      0.0009535460267215967,
      0.0007141425157897174,
      0.00041507641435600817,
      0.00019969521963503212,
      8.28320044092834e-05,
      3.046629899472464e-05,
      1.0142619430553168e-05
    ],
    [
      6.13751690252684e-05,
      0.00012682487431447953,
      0.00013559682702179998,
      0.00010000929614761844,
      5.7240118621848524e-05,
      2.711623346840497e-05,
      1.1074471331085078e-05,
      4.010369593743235e-06,
      1.3144166359779774e-06
    ],
    [
      7.8306402429007e-06,
      1.5934640032355674e-05,
      1.6776035408838652e-05,
      1.2182938917248975e-05,
      6.865251634735614e-06,
      3.2018708679970587e-06,
      1.287339500777307e-06,
      4.589101934016071e-07,
      1.4805763726144505e-07
    ],
    [
      8.943444527176325e-07,
      1.791872250578308e-06,
      1.8573000488686375e-06,
      1.327837821918365e-06,
      7.365890724031487e-07,
      3.381618682851695e-07,
      1.3382722841015493e-07,
      4.6955879184906735e-08,
      1.491029877342953e-08
    ],
    [
      9.333548689482996e-08,
      1.8409177471312432e-07,
      1.8783100586006185e-07,
      1.3217959349276498e-07,
      7.216969066803358e-08,
      3.2609417388584916e-08,
      1.2700828833089872e-08,
      4.385598550982195e-09,
      1.3704402057612697e-09
    ]
  ],
  "probs_results": [
    0.15719489753246307,
    0.08354484289884567,
    0.7592601180076599
  ]
}