{
  "skills_mean": [
    [
      -0.295453280210495,
      0.06976407021284103
    ],
    [
      0.11040495336055756,
      0.7164895534515381
    ]
  ],
  "skills_cov": [
    [
      [
        0.02128761261701584,
        0.009700251743197441
      ],
      [
        0.009700251743197441,
        0.021444635465741158
      ]
    ],
    [
      [
        0.019580019637942314,
        0.010270380415022373
      ],
      [
        0.010270380415022373,
        0.023048818111419678
      ]
    ]
  ],
  "probs_grid": [
    [
      0.06672649830579758,
      0.12807443737983704,
      0.12763401865959167,
      0.08804481476545334,
      0.047291260212659836,
      0.021094953641295433,
      0.008139085955917835,
      0.002793549094349146,
      0.0008706088410690427
    ],
    [
      0.04808736965060234,
      0.09104238450527191,
      0.08948169648647308,
      0.06086962670087814,
      0.03223689645528793,
      0.014176741242408752,
      0.005392036400735378,
      0.001824190141633153,
      0.0005603177123703063
    ],
    [
      0.018075233325362206,
      0.033748142421245575,
      0.032706696540117264,
      0.021935423836112022,
      0.011452277190983295,
      0.004964345134794712,
      0.001860984368249774,
      0.0006204757373780012,
      0.00018780954997055233
    ],
    [
      0.004724714905023575,
      0.008697707206010818,
      0.008310019038617611,
      0.00549379363656044,
      0.0028270487673580647,
      0.0012077465653419495,
      0.0004461586649995297,
      0.00014657768770121038,
      4.371430986793712e-05
    ],
    [
      0.0009661337826400995,
      0.001753252581693232,
      0.0016510902205482125,
      0.0010757831623777747,
      0.0005455398350022733,
      0.00022965205425862223,
      8.358888590009883e-05,
      2.70556647592457e-05,
      7.949034625198692e-06
    ],
    [
      0.00016484467778354883,
      0.0002948354813270271,
      0.0002736265887506306,
      0.00017567991744726896,
      8.777972107054666e-05,
      3.640591603470966e-05,
      1.3054206647211686e-05,
      4.162258846918121e-06,
      1.204552404487913e-06
    ],
    [
      2.4445194867439568e-05,
      4.308435745770112e-05,
      3.9398317312588915e-05,
      2.49219338002149e-05,
      1.2267546480870806e-05,
      5.01193426316604e-06,
      1.7702004697639495e-06,
      5.559180635827943e-07,
      1.5844956635646668e-07
    ],
    [
      3.240434125473257e-06,
      5.6270259847224224e-06,
      5.0692974582489114e-06,
      3.1588303954777075e-06,
      1.531590783088177e-06,
      6.163103876133391e-07,
      2.1438616215618822e-07,
      6.630386906181229e-08,
      1.8610089469461855e-08
    ],
    [
      3.9195182921503147e-07,
      6.704869406348735e-07,
      5.949837600383034e-07,
      3.6517050716611266e-07,
      1.743785134067366e-07,
      6.910373429036554e-08,
      2.367139373404825e-08,
      7.208854402307452e-09,
      1.9922952176898434e-09
    ]
  ],
  "probs_results": [
    0.19668008387088776,
    0.1283399611711502,
    0.6749798655509949
  ]
}