{
  "skills_mean": [
    [
      -0.2494634985923767,
      0.3713997006416321
    ],
    [
      -0.23610864579677582,
      0.45625635981559753
    ]
  ],
  "skills_cov": [
    [
      [
        0.023210180923342705,
        0.010872122831642628
      ],
      [
        0.010872122831642628,
        0.022913068532943726
      ]
    ],
    [
      [
        0.019155394285917282,
        0.009286601096391678
      ],
      [
        0.009286601096391678,
        0.01876835897564888
      ]
    ]
  ],
  "probs_grid": [
    [
      0.13165459036827087,
      0.137649804353714,
      0.07488767802715302,
      0.02826516143977642,
      0.00832573976367712,
      0.0020413745660334826,
      0.0004339583101682365,
      8.226240606745705e-05,
      1.4193972674547695e-05
    ],
    [
      0.12550486624240875,
      0.12956491112709045,
      0.06958184391260147,
      0.025918133556842804,
      0.007532522082328796,
      0.0018218392506241798,
      0.0003819574776571244,
      7.139422814361751e-05,
      1.2144521861046087e-05
    ],
    [
      0.062258318066596985,
      0.06344480067491531,
      0.03362565487623215,
      0.012357891537249088,
      0.003542843274772167,
      0.0008450897294096649,
      0.00017470457532908767,
      3.219355130568147e-05,
      5.397932909545489e-06
    ],
    [
      0.021426942199468613,
      0.02154872938990593,
      0.01126835122704506,
      0.004085111897438765,
      0.0011550282360985875,
      0.0002716690651141107,
      5.53680001758039e-05,
      1.0056926839752123e-05,
      1.661859982959868e-06
    ],
    [
      0.005755405407398939,
      0.005710799712687731,
      0.0029457942582666874,
      0.0010532349115237594,
      0.0002936360542662442,
      6.808845500927418e-05,
      1.3678345567313954e-05,
      2.448557324896683e-06,
      3.986967271885078e-07
    ],
    [
      0.001286902348510921,
      0.0012595881707966328,
      0.0006407808396033943,
      0.0002259046013932675,
      6.209028651937842e-05,
      1.4191485206538346e-05,
      2.8096806090616155e-06,
      4.956053771820734e-07,
      7.950734470796306e-08
    ],
    [
      0.0002494994841981679,
      0.0002408365544397384,
      0.00012080694432370365,
      4.198737588012591e-05,
      1.1375088433851488e-05,
      2.5622762223065365e-06,
      4.998684062229586e-07,
      8.687043617783274e-08,
      1.3728422842973487e-08
    ],
    [
      4.313735553296283e-05,
      4.105717744096182e-05,
      2.0303228666307405e-05,
      6.955456228752155e-06,
      1.8570600559542072e-06,
      4.1218800106435083e-07,
      7.922466238596826e-08,
      1.3562888590001876e-08,
      2.111151253814114e-09
    ],
    [
      6.7892488004872575e-06,
      6.3702723309688736e-06,
      3.105010364379268e-06,
      1.0482962125024642e-06,
      2.7579059747040446e-07,
      6.030892052422132e-08,
      1.1418781475924789e-08,
      1.9254313698979786e-09,
      2.9516056265777024e-10
    ]
  ],
  "probs_results": [
    0.29924169182777405,
    0.3251943290233612,
    0.3755638301372528
  ]
}