{
  "skills_mean": [
    [
      0.5596764087677002,
      0.8547508120536804
    ],
    [
      0.6319487690925598,
      1.0502046346664429
    ]
  ],
  "skills_cov": [
    [
      [
        0.021008901298046112,
        0.011330322362482548
      ],
      [
        0.011330322362482548,
        0.02502458356320858
      ]
    ],
    [
      [
        0.018766887485980988,
        0.010901330970227718
      ],
      [
        0.010901330970227718,
        0.024772796779870987
      ]
    ]
  ],
  "probs_grid": [
    [
      0.06421395391225815,
      0.09717769175767899,
      0.07656996697187424,
      0.04187953099608421,
      0.017885690554976463,
      0.00636140676215291,
      0.001962571870535612,
      0.0005401430535130203,
      0.00013536533515434712
    ],
    [
      0.07590234279632568,
      0.11298684030771255,
      0.0875600203871727,
      0.04709658399224281,
      0.019778398796916008,
      0.0069166747853159904,
      0.0020979379769414663,
      0.000567631155718118,
      0.00013983817189000547
    ],
    [
      0.046816978603601456,
      0.06854115426540375,
      0.05223457142710686,
      0.02762657217681408,
      0.01140707265585661,
      0.003921829629689455,
      0.0011693884152919054,
      0.0003110114485025406,
      7.530990114901215e-05
    ],
    [
      0.02008979022502899,
      0.028922952711582184,
      0.021673262119293213,
      0.01127009280025959,
      0.004574785009026527,
      0.0015461327275261283,
      0.00045315444003790617,
      0.00011845797416754067,
      2.819125074893236e-05
    ],
    [
      0.0067466008476912975,
      0.00955034140497446,
      0.007035998161882162,
      0.003596790600568056,
      0.0014351882273331285,
      0.0004767628270201385,
      0.00013733748346567154,
      3.528312299749814e-05,
      8.251864528574515e-06
    ],
    [
      0.0018911227816715837,
      0.0026319155003875494,
      0.0019061514176428318,
      0.0009578306344337761,
      0.0003756559453904629,
      0.00012264796532690525,
      3.472122989478521e-05,
      8.765867278270889e-06,
      2.0145521375525277e-06
    ],
    [
      0.0004608563322108239,
      0.0006305085262283683,
      0.00044886136311106384,
      0.00022168905707076192,
      8.545043237973005e-05,
      2.741720345511567e-05,
      7.62727586334222e-06,
      1.8921522269010893e-06,
      4.2727168647616054e-07
    ],
    [
      0.00010041829227702692,
      0.00013504245725926012,
      9.449039498576894e-05,
      4.5865122956456617e-05,
      1.7373404261888936e-05,
      5.477690137922764e-06,
      1.4973437600929174e-06,
      3.6497436894933344e-07,
      8.097364201375967e-08
    ],
    [
      1.996964965655934e-05,
      2.639502054080367e-05,
      1.815095129131805e-05,
      8.658095794089604e-06,
      3.2227253541350365e-06,
      9.984072448787629e-07,
      2.6815052933670813e-07,
      6.421612397389254e-08,
      1.3996825032336346e-08
    ]
  ],
  "probs_results": [
    0.24230287969112396,
    0.299030601978302,
    0.4586665630340576
  ]
}