{
  "skills_mean": [
    [
      0.5896502733230591,
      1.1431325674057007
    ],
    [
      0.5379803776741028,
      0.9467321038246155
    ]
  ],
  "skills_cov": [
    [
      [
        0.021163197234272957,
        0.012137715704739094
      ],
      [
        0.012137715704739094,
        0.02687068283557892
      ]
    ],
    [
      [
        0.019452258944511414,
        0.011728099547326565
      ],
      [
        0.011728099547326565,
        0.026584766805171967
      ]
    ]
  ],
  "probs_grid": [
    [
      0.0882187932729721,
      0.09331218153238297,
      0.05154069885611534,
      0.01981990411877632,
      0.005969095975160599,
      0.0015016271499916911,
      0.00032866327092051506,
      6.436784315155819e-05,
      1.1514039215398952e-05
    ],
    [
      0.11716528981924057,
      0.12181537598371506,
      0.066124327480793,
      0.024985358119010925,
      0.007392589934170246,
      0.0018267938867211342,
      0.0003926970239263028,
      7.552637543994933e-05,
      1.3265654160932172e-05
    ],
    [
      0.08132804930210114,
      0.08309902250766754,
      0.0443233959376812,
      0.01645377278327942,
      0.0047821043990552425,
      0.0011606282787397504,
      0.0002450108004268259,
      4.626973168342374e-05,
      7.979003385116812e-06
    ],
    [
      0.039334651082754135,
      0.03949255123734474,
      0.02069503627717495,
      0.007546511013060808,
      0.0021541949827224016,
      0.0005134359817020595,
      0.00010642680717865005,
      1.9732624423340894e-05,
      3.3405026442778762e-06
    ],
    [
      0.01491097267717123,
      0.014708461239933968,
      0.007571337278932333,
      0.0027117151767015457,
      0.0007601779652759433,
      0.00017790711717680097,
      3.620623465394601e-05,
      6.590134489670163e-06,
      1.095098468795186e-06
    ],
    [
      0.004725064150989056,
      0.004578595981001854,
      0.002314927987754345,
      0.0008142332080751657,
      0.00022413177066482604,
      5.1500595873221755e-05,
      1.0289242709404789e-05,
      1.8383552742307074e-06,
      2.9983394256305473e-07
    ],
    [
      0.001303628901951015,
      0.0012407626491039991,
      0.0006160890916362405,
      0.00021278802887536585,
      5.7509623729856685e-05,
      1.2972914191777818e-05,
      2.544190465414431e-06,
      4.4616186301027483e-07,
      7.141666458210238e-08
    ],
    [
      0.0003220491635147482,
      0.00030103613971732557,
      0.00014678348088636994,
      4.977716162102297e-05,
      1.3207514712121338e-05,
      2.924606633314397e-06,
      5.629680117635871e-07,
      9.689205171525828e-08,
      1.522010606436197e-08
    ],
    [
      7.27123479009606e-05,
      6.674553878838196e-05,
      3.195531098754145e-05,
      1.063912804966094e-05,
      2.7711344046110753e-06,
      6.023073524374922e-07,
      1.1379023590052384e-07,
      1.921938341808982e-08,
      2.9625188968651628e-09
    ]
  ],
  "probs_results": [
    0.26273301243782043,
    0.4381641149520874,
    0.29910290241241455
  ]
}