{
  "skills_mean": [
    [
      0.25439563393592834,
      0.8725783228874207
    ],
    [
      0.7976778149604797,
      1.1316741704940796
    ]
  ],
  "skills_cov": [
    [
      [
        0.023439012467861176,
        0.013881219550967216
      ],
      [
        0.013881219550967216,
        0.027715051546692848
      ]
    ],
    [
      [
        0.016671795397996902,
        0.010220598429441452
      ],
      [
        0.010220598429441452,
        0.02582414634525776
      ]
    ]
  ],
  "probs_grid": [
    [
      0.07398852705955505,
      0.12767209112644196,
      0.11473196744918823,
      0.07158437371253967,
      0.03488178551197052,
      0.014157965779304504,
      0.004985373932868242,
      0.0015662690857425332,
      0.000448129401775077
    ],
    [
      0.06081283465027809,
      0.10312948375940323,
      0.09106902033090591,
      0.055828120559453964,
      0.026726042851805687,
      0.010656001046299934,
      0.0036856085062026978,
      0.0011372623266652226,
      0.00031955656595528126
    ],
    [
      0.026179198175668716,
      0.043622106313705444,
      0.03784484416246414,
      0.022790437564253807,
      0.010716529563069344,
      0.004196563735604286,
      0.0014254504349082708,
      0.0004319299478083849,
      0.00011917400843231007
    ],
    [
      0.007869642227888107,
      0.012881966307759285,
      0.010977680794894695,
      0.006492938846349716,
      0.0029983760323375463,
      0.0011530074989423156,
      0.00038455895264633,
      0.000114410649985075,
      3.099195964750834e-05
    ],
    [
      0.0018582799239084125,
      0.0029876811895519495,
      0.0025004236958920956,
      0.001452291733585298,
      0.000658522651065141,
      0.000248630007263273,
      8.141226135194302e-05,
      2.3777762180543505e-05,
      6.322750323306536e-06
    ],
    [
      0.00036763722891919315,
      0.0005804463871754706,
      0.0004770013620145619,
      0.0002720191259868443,
      0.00012109338422305882,
      4.488234844757244e-05,
      1.4426304915104993e-05,
      4.135736162425019e-06,
      1.079397407011129e-06
    ],
    [
      6.347048474708572e-05,
      9.839279664447531e-05,
      7.938359340187162e-05,
      4.444109436008148e-05,
      1.9419894670136273e-05,
      7.065020781737985e-06,
      2.228827725048177e-06,
      6.2709580106457e-07,
      1.606203881010515e-07
    ],
    [
      9.834780939854681e-06,
      1.496716413385002e-05,
      1.1853694559249561e-05,
      6.5135868680954445e-06,
      2.7936030164710246e-06,
      9.974359045372694e-07,
      3.0879971291142283e-07,
      8.525904604539392e-08,
      2.1428562035907817e-08
    ],
    [
      1.3960901696918881e-06,
      2.0854974991380004e-06,
      1.6211056390602607e-06,
      8.742465524846921e-07,
      3.679641054077365e-07,
      1.2892188294699736e-07,
      3.9164781640010915e-08,
      1.060999110791272e-08,
      2.616404204403011e-09
    ]
  ],
  "probs_results": [
    0.22223275899887085,
    0.17338187992572784,
    0.604385256767273
  ]
}