{
  "skills_mean": [
    [
      0.5768105983734131,
      1.1461790800094604
    ],
    [
      0.6024028062820435,
      0.9988906383514404
    ]
  ],
  "skills_cov": [
    [
      [
        0.02041170746088028,
        0.011617657728493214
      ],
      [
        0.011617657728493214,
        0.026365598663687706
      ]
    ],
    [
      [
        0.01884925179183483,
        0.011233142577111721
      ],
      [
        0.011233142577111721,
        0.02597920596599579
      ]
    ]
  ],
  "probs_grid": [
    [
      0.08982378244400024,
      0.1004980131983757,
      0.05865555256605148,
      0.023809488862752914,
      0.0075613101944327354,
      0.0020037374924868345,
      0.0004614985082298517,
      9.501215390628204e-05,
      1.784760934242513e-05
    ],
    [
      0.11237029731273651,
      0.12368366122245789,
      0.0710037425160408,
      0.02834435924887657,
      0.008850972168147564,
      0.0023059402592480183,
      0.000522074056789279,
      0.00010564279364189133,
      1.950242221937515e-05
    ],
    [
      0.07339529693126678,
      0.0794597938656807,
      0.044860273599624634,
      0.017608607187867165,
      0.005405825562775135,
      0.0013844333589076996,
      0.0003080722817685455,
      6.126402149675414e-05,
      1.111349502025405e-05
    ],
    [
      0.0333685465157032,
      0.035527464002370834,
      0.01972230337560177,
      0.0076108770444989204,
      0.0022968112025409937,
      0.000578138220589608,
      0.00012643157970160246,
      2.470599429216236e-05,
      4.403470938996179e-06
    ],
    [
      0.011878663673996925,
      0.012435868382453918,
      0.006787130143493414,
      0.0025746512692421675,
      0.0007636715890839696,
      0.00018891079525928944,
      4.0595128666609526e-05,
      7.794111297698691e-06,
      1.3647769492308726e-06
    ],
    [
      0.0035313561093062162,
      0.0036347147542983294,
      0.001950018689967692,
      0.0007270629866980016,
      0.0002119364362442866,
      5.15169849677477e-05,
      1.0877129170694388e-05,
      2.051675437542144e-06,
      3.5291000699544384e-07
    ],
    [
      0.0009131440310738981,
      0.000923914136365056,
      0.0004871981218457222,
      0.00017852059681899846,
      5.113522274768911e-05,
      1.2212758520036004e-05,
      2.5332635686936555e-06,
      4.6939197773099295e-07,
      7.930708534331643e-08
    ],
    [
      0.00021122509497217834,
      0.00021006310998927802,
      0.00010886268864851445,
      3.9198122976813465e-05,
      1.1031907888536807e-05,
      2.588516963442089e-06,
      5.274500267660187e-07,
      9.599725814268822e-08,
      1.5930126551211288e-08
    ],
    [
      4.461328353499994e-05,
      4.360455568530597e-05,
      2.2206064386409707e-05,
      7.856297997932415e-06,
      2.1722805740864715e-06,
      5.007084951103025e-07,
      1.0021709329066653e-07,
      1.791457293620624e-08,
      2.9195641459978106e-09
    ]
  ],
  "probs_results": [
    0.2668074071407318,
    0.40086233615875244,
    0.3323307931423187
  ]
}