{
  "skills_mean": [
    [
      0.3526246249675751,
      0.6911861896514893
    ],
    [
      0.3393932580947876,
      0.7445806860923767
    ]
  ],
  "skills_cov": [
    [
      [
        0.01578148640692234,
        0.0085914833471179
      ],
      [
        0.0085914833471179,
        0.021692099049687386
      ]
    ],
    [
      [
        0.020613698288798332,
        0.011731416918337345
      ],
      [
        0.011731416918337345,
        0.02508404478430748
      ]
    ]
  ],
  "probs_grid": [
    [
      0.06845168024301529,
      0.09187977761030197,
      0.06414774060249329,
      0.031057946383953094,
      0.011730345897376537,
      0.0036862690467387438,
      0.0010039013577625155,
      0.0002436787763144821,
      5.381215669331141e-05
    ],
    [
      0.08863554894924164,
      0.11721320450305939,
      0.08061473071575165,
      0.038444072008132935,
      0.014300195500254631,
      0.00442533940076828,
      0.0011866872664541006,
      0.00028360160649754107,
      6.165674130897969e-05
    ],
    [
      0.059624362736940384,
      0.07767301052808762,
      0.052617769688367844,
      0.02471279352903366,
      0.00905236229300499,
      0.002758355112746358,
      0.0007282538572326303,
      0.00017134069639723748,
      3.6669302062364295e-05
    ],
    [
      0.02778053656220436,
      0.035646192729473114,
      0.023782143369317055,
      0.010999378748238087,
      0.003967266529798508,
      0.0011902033584192395,
      0.00030935448012314737,
      7.164744602050632e-05,
      1.5093022739165463e-05
    ],
    [
      0.010085105895996094,
      0.012744731269776821,
      0.0083733219653368,
      0.0038132821209728718,
      0.0013541399966925383,
      0.0003999401815235615,
      0.0001023280929075554,
      2.3327576855081134e-05,
      4.8366400733357295e-06
    ],
    [
      0.0030425640288740396,
      0.003786359680816531,
      0.002449485706165433,
      0.001098294509574771,
      0.0003839596756733954,
      0.00011163011367898434,
      2.8113194275647402e-05,
      6.307847343123285e-06,
      1.2871261105829035e-06
    ],
    [
      0.0007945357356220484,
      0.0009736095671541989,
      0.0006201309734024107,
      0.00027373572811484337,
      9.420276182936504e-05,
      2.6958054149872623e-05,
      6.682099865429336e-06,
      1.4755293022972182e-06,
      2.962939902317885e-07
    ],
    [
      0.00018471485236659646,
      0.00022285520390141755,
      0.00013974265311844647,
      6.072185351513326e-05,
      2.0568772015394643e-05,
      5.793348009319743e-06,
      1.4132469914329704e-06,
      3.071049832215067e-07,
      6.068317048857352e-08
    ],
    [
      3.9023336285026744e-05,
      4.63508658867795e-05,
      2.8611202651518397e-05,
      1.223733397637261e-05,
      4.079895916220266e-06,
      1.1309311958029866e-06,
      2.714934339564934e-07,
      5.805429026395359e-08,
      1.128742077582956e-08
    ]
  ],
  "probs_results": [
    0.25077345967292786,
    0.36249661445617676,
    0.38672998547554016
  ]
}