{
  "skills_mean": [
    [
      0.007470930926501751,
      0.3672436475753784
    ],
    [
      0.3869571387767792,
      0.7411888241767883
    ]
  ],
  "skills_cov": [
    [
      [
        0.018872417509555817,
        0.009899083524942398
      ],
      [
        0.009899083524942398,
        0.020398391410708427
      ]
    ],
    [
      [
        0.019838880747556686,
        0.011233505792915821
      ],
      [
        0.011233505792915821,
        0.02398304082453251
      ]
    ]
  ],
  "probs_grid": [
    [
      0.0550239160656929,
      0.10422661155462265,
      0.1024288460612297,
      0.06962745636701584,
      0.03682680428028107,
      0.016164332628250122,
      0.0061326101422309875,
      0.002068308647722006,
      0.0006329582538455725
    ],
    [
      0.05196989327669144,
      0.09691838920116425,
      0.0937642902135849,
      0.06274031102657318,
      0.03266232833266258,
      0.014109990559518337,
      0.005268314387649298,
      0.001748529844917357,
      0.000526551331859082
    ],
    [
      0.025554809719324112,
      0.04691281169652939,
      0.04467351362109184,
      0.029420645907521248,
      0.015073489397764206,
      0.006408040411770344,
      0.0023543729912489653,
      0.0007688782643526793,
      0.00022781603911425918
    ],
    [
      0.008722269907593727,
      0.015759900212287903,
      0.014770065434277058,
      0.009572434239089489,
      0.004826051648706198,
      0.0020187566988170147,
      0.0007297758711501956,
      0.00023447940475307405,
      6.83508551446721e-05
    ],
    [
      0.0023246139753609896,
      0.0041335579007864,
      0.003812143113464117,
      0.002431055996567011,
      0.001205930719152093,
      0.0004963022074662149,
      0.00017650632071308792,
      5.57908060727641e-05,
      1.5998168237274513e-05
    ],
    [
      0.0005159879219718277,
      0.000902836152818054,
      0.0008192558889277279,
      0.0005140223074704409,
      0.00025085307424888015,
      0.00010156157804885879,
      3.553100032149814e-05,
      1.1047241059713997e-05,
      3.115929757768754e-06
    ],
    [
      9.935671550920233e-05,
      0.0001710461510811001,
      0.00015270072617568076,
      9.425271855434403e-05,
      4.524772157310508e-05,
      1.8019767594523728e-05,
      6.200820280355401e-06,
      1.8962629155794275e-06,
      5.260400826045952e-07
    ],
    [
      1.706989496597089e-05,
      2.8909904358442873e-05,
      2.5389070287928917e-05,
      1.541508754598908e-05,
      7.279004876181716e-06,
      2.8511890377558302e-06,
      9.649568255554186e-07,
      2.902163771523192e-07,
      7.917550703950837e-08
    ],
    [
      2.670951971595059e-06,
      4.44977376901079e-06,
      3.8438620322267525e-06,
      2.295475496794097e-06,
      1.0660608040780062e-06,
      4.106758240141062e-07,
      1.3668649501141772e-07,
      4.0426638037160956e-08,
      1.0845504050394084e-08
    ]
  ],
  "probs_results": [
    0.2076173722743988,
    0.1801874190568924,
    0.6121951341629028
  ]
}