{
  "skills_mean": [
    [
      0.06194472312927246,
      0.450722336769104
    ],
    [
      0.5914944410324097,
      0.8656144142150879
    ]
  ],
  "skills_cov": [
    [
      [
        0.02257440984249115,
        0.01093531958758831
      ],
      [
        0.01093531958758831,
        0.02455979958176613
      ]
    ],
    [
      [
        0.017924929037690163,
        0.010542565956711769
      ],
      [
        0.010542565956711769,
        0.02471708506345749
      ]
    ]
  ],
  "probs_grid": [
    [
      0.046124570071697235,
      0.09728892892599106,
      0.10663632303476334,
      0.08097365498542786,
      0.04791571572422981,
      0.02356569841504097,
      0.010032790713012218,
      0.003802576335147023,
      0.0013096121838316321
    ],
    [
      0.04086178168654442,
      0.08483918011188507,
      0.0915270522236824,
      0.06840155273675919,
      0.03983341157436371,
      0.019278356805443764,
      0.008076203055679798,
      0.003011880209669471,
      0.001020606723614037
    ],
    [
      0.018923407420516014,
      0.038668401539325714,
      0.041053760796785355,
      0.030191317200660706,
      0.017300095409154892,
      0.008238171227276325,
      0.003395514329895377,
      0.001245817169547081,
      0.00041531381430104375
    ],
    [
      0.006107836961746216,
      0.012281620875000954,
      0.012830174528062344,
      0.009283536113798618,
      0.005233661271631718,
      0.0024518328718841076,
      0.0009941416792571545,
      0.00035880785435438156,
      0.00011766133684432134
    ],
    [
      0.0015456186374649405,
      0.003057879162952304,
      0.0031428062357008457,
      0.002237137174233794,
      0.0012406673049554229,
      0.0005717286258004606,
      0.00022802271996624768,
      8.094810618786141e-05,
      2.6108378733624704e-05
    ],
    [
      0.00032706919591873884,
      0.0006365744047798216,
      0.0006435929099097848,
      0.0004506367549765855,
      0.00024581464822404087,
      0.00011141443974338472,
      4.3703093979274854e-05,
      1.525837342342129e-05,
      4.839905159315094e-06
    ],
    [
      6.0282720369286835e-05,
      0.0001154090859927237,
      0.0001147663570009172,
      7.903508958406746e-05,
      4.240052658133209e-05,
      1.8899800124927424e-05,
      7.2906186687760055e-06,
      2.503133373465971e-06,
      7.807734618836548e-07
    ],
    [
      9.953146218322217e-06,
      1.874108420452103e-05,
      1.8328775695408694e-05,
      1.2413151125656441e-05,
      6.548740657308372e-06,
      2.8704623673547758e-06,
      1.0888122687902069e-06,
      3.675822313198296e-07,
      1.1273729683125566e-07
    ],
    [
      1.502654527030245e-06,
      2.7824921744468156e-06,
      2.6760342279885663e-06,
      1.78213156232232e-06,
      9.244811280950671e-07,
      3.9843661170380074e-07,
      1.485986587113075e-07,
      4.932414654490458e-08,
      1.4873299925000083e-08
    ]
  ],
  "probs_results": [
    0.18289439380168915,
    0.14265355467796326,
    0.6744521260261536
  ]
}