{
  "skills_mean": [
    [
      0.007470035459846258,
      0.3671995997428894
    ],
    [
      0.6105998754501343,
      1.1937696933746338
    ]
  ],
  "skills_cov": [
    [
      [
        0.018972964957356453,
        0.009980306029319763
      ],
      [
        0.009980306029319763,
        0.02049858123064041
      ]
    ],
    [
      [
        0.018900100141763687,
        0.01169121265411377
      ],
      [
        0.01169121265411377,
        0.027667062357068062
      ]
    ]
  ],
  "probs_grid": [
    [
      0.04861358180642128,
      0.11263050138950348,
      0.13522523641586304,
      0.11216449737548828,
      0.07230265438556671,
      0.03863081708550453,
      0.017818553373217583,
      0.007297147531062365,
      0.0027081824373453856
    ],
    [
      0.02990870736539364,
      0.06824937462806702,
      0.08069723099470139,
      0.06591334193944931,
      0.041836101561784744,
      0.022007722407579422,
      0.009993692860007286,
      0.0040289307944476604,
      0.0014718775637447834
    ],
    [
      0.009617726318538189,
      0.021611159667372704,
      0.025159506127238274,
      0.02023221179842949,
      0.012641923502087593,
      0.006546315271407366,
      0.0029260292649269104,
      0.0011610400397330523,
      0.00041745524504221976
    ],
    [
      0.0021552755497395992,
      0.004767827223986387,
      0.005464109592139721,
      0.004325149580836296,
      0.0026599885895848274,
      0.0013556372141465545,
      0.000596319034229964,
      0.00023285030329134315,
      8.238492591772228e-05
    ],
    [
      0.000378636788809672,
      0.0008244510972872376,
      0.0009299381636083126,
      0.0007244273438118398,
      0.0004384332860354334,
      0.00021987243962939829,
      9.516683348920196e-05,
      3.6563014873536304e-05,
      1.2727759894914925e-05
    ],
    [
      5.5621225328650326e-05,
      0.00011918570089619607,
      0.00013228900206740946,
      0.00010140189988305792,
      6.03823755227495e-05,
      2.9792627174174413e-05,
      1.268625146622071e-05,
      4.794901997229317e-06,
      1.6419589883298613e-06
    ],
    [
      7.116451797628542e-06,
      1.5004112356109545e-05,
      1.6384938135161065e-05,
      1.2355935723462608e-05,
      7.238093530759215e-06,
      3.513059027682175e-06,
      1.4714746612298768e-06,
      5.470467954182823e-07,
      1.8425397740884364e-07
    ],
    [
      8.156492299349338e-07,
      1.6917634866331355e-06,
      1.8173457192460774e-06,
      1.3480554343914264e-06,
      7.76736555962998e-07,
      3.707937423769181e-07,
      1.5274943621079728e-07,
      5.5848953905979215e-08,
      1.849938513487359e-08
    ],
    [
      8.548533259045143e-08,
      1.7440049759898102e-07,
      1.8426443659791403e-07,
      1.344267701597346e-07,
      7.617381925228983e-08,
      3.5760240990612147e-08,
      1.4486627897269955e-08,
      5.208445674753648e-09,
      1.696458640232379e-09
    ]
  ],
  "probs_results": [
    0.1471557468175888,
    0.07709771394729614,
    0.7757465839385986
  ]
}