{
  "skills_mean": [
    [
      0.35262465476989746,
      0.6911861896514893
    ],
    [
      0.3393932580947876,
      0.7445806860923767
    ]
  ],
  "skills_cov": [
    [
      [
        0.015781482681632042,
        0.00859148520976305
      ],
      [
        0.00859148520976305,
        0.02169208973646164
      ]
    ],
    [
      [
        0.020613690838217735,
        0.011731419712305069
      ],
      [
        0.011731419712305069,
        0.02508404292166233
      ]
    ]
  ],
  "probs_grid": [
    [
      0.0684516578912735,
      0.09187973290681839,
      0.0641477108001709,
      0.031057924032211304,
      0.01173033844679594,
      0.0036862704437226057,
      0.0010039013577625155,
      0.0002436787326587364,
      5.381211667554453e-05
    ],
    [
      0.08863553404808044,
      0.1172131821513176,
      0.08061471581459045,
      0.038444068282842636,
      0.014300189912319183,
      0.004425335675477982,
      0.0011866864515468478,
      0.0002836015191860497,
      6.165670492919162e-05
    ],
    [
      0.05962435156106949,
      0.07767298817634583,
      0.05261777341365814,
      0.02471279539167881,
      0.00905236229300499,
      0.0027583555784076452,
      0.0007282532751560211,
      0.00017134062363766134,
      3.666929478640668e-05
    ],
    [
      0.02778053469955921,
      0.03564620018005371,
      0.02378213405609131,
      0.010999376885592937,
      0.003967265598475933,
      0.0011902033584192395,
      0.000309354392811656,
      7.164744602050632e-05,
      1.509302182967076e-05
    ],
    [
      0.010085105895996094,
      0.012744725681841373,
      0.008373317308723927,
      0.0038132816553115845,
      0.0013541399966925383,
      0.0003999399777967483,
      0.00010232810018351302,
      2.332756957912352e-05,
      4.836638254346326e-06
    ],
    [
      0.0030425640288740396,
      0.003786358516663313,
      0.002449485706165433,
      0.0010982948588207364,
      0.000383959588361904,
      0.00011163007729919627,
      2.8113186999689788e-05,
      6.307848252617987e-06,
      1.2871253147750394e-06
    ],
    [
      0.0007945351535454392,
      0.0009736092761158943,
      0.0006201311480253935,
      0.00027373566990718246,
      9.420281276106834e-05,
      2.695804687391501e-05,
      6.682097591692582e-06,
      1.4755285064893542e-06,
      2.962938197015319e-07
    ],
    [
      0.00018471498333383352,
      0.00022285520390141755,
      0.00013974258035887033,
      6.072185351513326e-05,
      2.056877565337345e-05,
      5.793349828309147e-06,
      1.4132468777461327e-06,
      3.071049832215067e-07,
      6.068312785600938e-08
    ],
    [
      3.902331809513271e-05,
      4.6350862248800695e-05,
      2.861118446162436e-05,
      1.2237330338393804e-05,
      4.0798954614729155e-06,
      1.1309309684293112e-06,
      2.714934339564934e-07,
      5.805425118410312e-08,
      1.12874181112943e-08
    ]
  ],
  "probs_results": [
    0.25077342987060547,
    0.36249661445617676,
    0.386729896068573
  ]
}