{
  "skills_mean": [
    [
      -0.018504464998841286,
      0.38377171754837036
    ],
    [
      0.7105921506881714,
      1.3853254318237305
    ]
  ],
  "skills_cov": [
    [
      [
        0.019968459382653236,
        0.009601360186934471
      ],
      [
        0.009601360186934471,
        0.019615698605775833
      ]
    ],
    [
      [
        0.017830993980169296,
        0.011257598176598549
      ],
      [
        0.011257598176598549,
        0.027926426380872726
      ]
    ]
  ],
  "probs_grid": [
    [
      0.044751208275556564,
      0.1119978055357933,
      0.14498941600322723,
      0.12944358587265015,
      0.08965003490447998,
      0.0513724721968174,
      0.025368906557559967,
      0.011103276163339615,
      0.0043962858617305756
    ],
    [
      0.022317130118608475,
      0.05507974326610565,
      0.07030989974737167,
      0.061888713389635086,
      0.0422559417784214,
      0.02386891283094883,
      0.011617980897426605,
      0.005011547822505236,
      0.0019555343315005302
    ],
    [
      0.005825466476380825,
      0.014174622483551502,
      0.0178368017077446,
      0.015475685708224773,
      0.010414167307317257,
      0.005797361955046654,
      0.0027807066217064857,
      0.0011819282080978155,
      0.0004544125695247203
    ],
    [
      0.0010612180922180414,
      0.002545056166127324,
      0.003156264778226614,
      0.0026985970325767994,
      0.0017894036136567593,
      0.0009814684744924307,
      0.00046380108688026667,
      0.00019420962780714035,
      7.35540670575574e-05
    ],
    [
      0.00015177397290244699,
      0.000358668330591172,
      0.00043826299952343106,
      0.0003691728925332427,
      0.00024115639098454267,
      0.00013029701949562877,
      6.064993795007467e-05,
      2.5014069251483306e-05,
      9.330647117167246e-06
    ],
    [
      1.8176862795371562e-05,
      4.231703496770933e-05,
      5.093582876725122e-05,
      4.226237797411159e-05,
      2.719118128879927e-05,
      1.4469155757979024e-05,
      6.6327452259429265e-06,
      2.693879423532053e-06,
      9.895004495774629e-07
    ],
    [
      1.8988030205946416e-06,
      4.353912572696572e-06,
      5.161320132174296e-06,
      4.217314653942594e-06,
      2.671951733645983e-06,
      1.4000308965478325e-06,
      6.319157819234533e-07,
      2.5269443426623184e-07,
      9.138324941204701e-08
    ],
    [
      1.7794859274999908e-07,
      4.017969104097574e-07,
      4.6899947392375907e-07,
      3.7731692259512783e-07,
      2.3536114213129622e-07,
      1.2141077831984148e-07,
      5.394770141720073e-08,
      2.123660003405803e-08,
      7.559892267750001e-09
    ],
    [
      1.5272052067416553e-08,
      3.394961112235251e-08,
      3.901232759062623e-08,
      3.0896856628714886e-08,
      1.8971400450595866e-08,
      9.632946884607918e-09,
      4.213034809907867e-09,
      1.6323419282926466e-09,
      5.719145712568263e-10
    ]
  ],
  "probs_results": [
    0.12107109278440475,
    0.05078833922743797,
    0.8281404376029968
  ]
}