{
  "skills_mean": [
    [
      0.3271816074848175,
      0.8367365598678589
    ],
    [
      0.5030524134635925,
      0.8131304979324341
    ]
  ],
  "skills_cov": [
    [
      [
        0.019779108464717865,
        0.01064284797757864
      ],
      [
        0.01064284797757864,
        0.023031264543533325
      ]
    ],
    [
      [
        0.019364595413208008,
        0.010535508394241333
      ],
      [
        0.010535508394241333,
        0.02277166210114956
      ]
    ]
  ],
  "probs_grid": [
    [
      0.07496283203363419,
      0.1022292971611023,
      0.07251887023448944,
      0.0356760248541832,
      0.013692040927708149,
      0.004372368101030588,
      0.0012100719613954425,
      0.00029850078863091767,
      6.699346704408526e-05
    ],
    [
      0.08879612386226654,
      0.11924014985561371,
      0.08327960222959518,
      0.04033198952674866,
      0.015236161649227142,
      0.004788619466125965,
      0.0013042062055319548,
      0.00031657799263484776,
      6.990846304688603e-05
    ],
    [
      0.05473287031054497,
      0.07236240804195404,
      0.04975191503763199,
      0.023716455325484276,
      0.008817710913717747,
      0.0027272526640444994,
      0.0007308927597478032,
      0.0001745586487231776,
      3.7923367926850915e-05
    ],
    [
      0.023405443876981735,
      0.030462026596069336,
      0.0206148624420166,
      0.009671540930867195,
      0.0035385945811867714,
      0.0010769270593300462,
      0.0002839621447492391,
      6.672008021268994e-05,
      1.4259240742831025e-05
    ],
    [
      0.0078112599439918995,
      0.010006554424762726,
      0.00666465749964118,
      0.003076933091506362,
      0.001107731251977384,
      0.0003316880902275443,
      8.604108006693423e-05,
      1.9886962036252953e-05,
      4.1806333683780394e-06
    ],
    [
      0.0021699820645153522,
      0.0027358292136341333,
      0.001793099450878799,
      0.0008145584724843502,
      0.0002885190478991717,
      8.498980605509132e-05,
      2.1687199478037655e-05,
      4.930524028168293e-06,
      1.019441242533503e-06
    ],
    [
      0.0005226558423601091,
      0.000648439337965101,
      0.0004181773401796818,
      0.00018690101569518447,
      6.512644904432818e-05,
      1.887149119284004e-05,
      4.736579739983426e-06,
      1.0591169257168076e-06,
      2.1536402527999599e-07
    ],
    [
      0.00011225332855246961,
      0.0001370338723063469,
      8.69463401613757e-05,
      3.822913276962936e-05,
      1.3103711353323888e-05,
      3.734751771844458e-06,
      9.219466505783203e-07,
      2.0274006828913116e-07,
      4.054107094475512e-08
    ],
    [
      2.194442095060367e-05,
      2.6356368834967725e-05,
      1.645132761041168e-05,
      7.1153699536807835e-06,
      2.398912783974083e-06,
      6.72457986183872e-07,
      1.6325282103935024e-07,
      3.5303443723933015e-08,
      6.941726748976862e-09
    ]
  ],
  "probs_results": [
    0.2548408806324005,
    0.328084260225296,
    0.41707465052604675
  ]
}