{
  "skills_mean": [
    [
      0.5897209644317627,
      1.1432695388793945
    ],
    [
      -0.14094124734401703,
      0.5722622275352478
    ]
  ],
  "skills_cov": [
    [
      [
        0.021063169464468956,
        0.01205701194703579
      ],
      [
        0.01205701194703579,
        0.02677202597260475
      ]
    ],
    [
      [
        0.021313540637493134,
        0.010678291320800781
      ],
      [
        0.010678291320800781,
        0.022844912484288216
      ]
    ]
  ],
  "probs_grid": [
    [
      0.08278120309114456,
      0.045952197164297104,
      0.013353850692510605,
      0.0027086506597697735,
      0.00043139897752553225,
      5.754299490945414e-05,
      6.695761385344667e-06,
      6.990577503529494e-07,
      6.684395259526354e-08
    ],
    [
      0.15466134250164032,
      0.08459121733903885,
      0.024213379248976707,
      0.0048361592926084995,
      0.0007582309190183878,
      9.953428525477648e-05,
      1.1395351975806989e-05,
      1.1702655910994508e-06,
      1.1004723177165943e-07
    ],
    [
      0.15040796995162964,
      0.08103956282138824,
      0.022844331339001656,
      0.004492107313126326,
      0.0006932020769454539,
      8.954234363045543e-05,
      1.0084994755743537e-05,
      1.018650209516636e-06,
      9.41930267117641e-08
    ],
    [
      0.10150430351495743,
      0.05386580154299736,
      0.014951065182685852,
      0.00289402948692441,
      0.0004395009018480778,
      5.585591134149581e-05,
      6.1880946304881945e-06,
      6.146836426523805e-07,
      5.588571738712744e-08
    ],
    [
      0.05347122624516487,
      0.027943218126893044,
      0.007635626010596752,
      0.001454695826396346,
      0.00021737949282396585,
      2.717794086493086e-05,
      2.961395011880086e-06,
      2.8926245931870653e-07,
      2.5855699803400967e-08
    ],
    [
      0.02345033921301365,
      0.01206601969897747,
      0.0032454722095280886,
      0.00060847686836496,
      8.945959416450933e-05,
      1.1001819075318053e-05,
      1.1789398968176101e-06,
      1.1322635629085198e-07,
      9.949222778971034e-09
    ],
    [
      0.008917457424104214,
      0.0045170048251748085,
      0.0011957812821492553,
      0.0002205985365435481,
      3.19060382025782e-05,
      3.859267508232733e-06,
      4.066664587298874e-07,
      3.8398706436737484e-08,
      3.31665850339391e-09
    ],
    [
      0.003023918252438307,
      0.0015077008865773678,
      0.00039278031908906996,
      7.129122968763113e-05,
      1.0142580322280992e-05,
      1.206517140417418e-06,
      1.250072614311648e-07,
      1.1603825456063532e-08,
      9.851356397305722e-10
    ],
    [
      0.0009333147900179029,
      0.0004579892265610397,
      0.00011740146874217317,
      2.0962837879778817e-05,
      2.9333455131563824e-06,
      3.431337347592489e-07,
      3.495415867860174e-08,
      3.1894855645475673e-09,
      2.6613239390016474e-10
    ]
  ],
  "probs_results": [
    0.19345331192016602,
    0.7082377672195435,
    0.09830892831087112
  ]
}