{
  "skills_mean": [
    [
      0.38691073656082153,
      0.741100013256073
    ],
    [
      -0.19815771281719208,
      0.3789167106151581
    ]
  ],
  "skills_cov": [
    [
      [
        0.019939204677939415,
        0.011314409784972668
      ],
      [
        0.011314409784972668,
        0.02408236265182495
      ]
    ],
    [
      [
        0.024080945178866386,
        0.012149258516728878
      ],
      [
        0.012149258516728878,
        0.02396816946566105
      ]
    ]
  ],
  "probs_grid": [
    [
      0.06704790890216827,
      0.05204185098409653,
      0.021137136965990067,
      0.005989322904497385,
      0.001331901177763939,
      0.0002479291579220444,
      4.0238486690213904e-05,
      5.8561981859384105e-06,
      7.801356787240366e-07
    ],
    [
      0.12481321394443512,
      0.09526056051254272,
      0.03803648427128792,
      0.010593505576252937,
      0.0023150532506406307,
      0.0004234163789078593,
      6.750899774488062e-05,
      9.650485480960924e-06,
      1.2625685030798195e-06
    ],
    [
      0.12092939764261246,
      0.0907437801361084,
      0.03561631590127945,
      0.009748796001076698,
      0.002093424554914236,
      0.00037616307963617146,
      5.8913348766509444e-05,
      8.271435945061967e-06,
      1.0626894209053717e-06
    ],
    [
      0.08129920810461044,
      0.059972867369651794,
      0.02313593216240406,
      0.00622314540669322,
      0.001312993816100061,
      0.00023177026014309376,
      3.5653796658152714e-05,
      4.91610762765049e-06,
      6.202083113748813e-07
    ],
    [
      0.042660173028707504,
      0.030933581292629242,
      0.011727924458682537,
      0.003099751425907016,
      0.0006425258470699191,
      0.00011141129652969539,
      1.6832826077006757e-05,
      2.2792548861616524e-06,
      2.8234066462573537e-07
    ],
    [
      0.018634334206581116,
      0.013280665501952171,
      0.004948025103658438,
      0.0012849480845034122,
      0.00026165452436544,
      4.456362148630433e-05,
      6.61242256683181e-06,
      8.792068797447428e-07,
      1.0693303664766063e-07
    ],
    [
      0.00705717783421278,
      0.00494309002533555,
      0.0018096630228683352,
      0.0004617084632627666,
      9.235496690962464e-05,
      1.544896986160893e-05,
      2.2511640054290183e-06,
      2.9390639610937797e-07,
      3.509529022949209e-08
    ],
    [
      0.002383141778409481,
      0.0016403839690610766,
      0.000590066600125283,
      0.0001478971098549664,
      2.9058694053674117e-05,
      4.773954515258083e-06,
      6.831109544691572e-07,
      8.756776992413506e-08,
      1.0265597261138737e-08
    ],
    [
      0.000732426589820534,
      0.0004954024334438145,
      0.00017508254677522928,
      4.3108702811878175e-05,
      8.319218068209011e-06,
      1.3422283018371672e-06,
      1.885929208356174e-07,
      2.373622898232952e-08,
      2.731714410231234e-09
    ]
  ],
  "probs_results": [
    0.20495064556598663,
    0.6487153768539429,
    0.14633412659168243
  ]
}