{
  "skills_mean": [
    [
      0.5859668254852295,
      0.9963482618331909
    ],
    [
      0.30760127305984497,
      0.45442190766334534
    ]
  ],
  "skills_cov": [
    [
      [
        0.0187905915081501,
        0.011412398889660835
      ],
      [
        0.011412398889660835,
        0.025874046608805656
      ]
    ],
    [
      [
        0.021100828424096107,
        0.010938115417957306
      ],
      [
        0.010938115417957306,
        0.022690117359161377
      ]
    ]
  ],
  "probs_grid": [
    [
      0.04210273176431656,
      0.04170478135347366,
      0.02158302627503872,
      0.0077803051099181175,
      0.0021976458374410868,
      0.0005187864881008863,
      0.00010660581028787419,
      1.9612383766798303e-05,
      3.297245712019503e-06
    ],
    [
      0.08844323456287384,
      0.08614572137594223,
      0.04383239895105362,
      0.015533167868852615,
      0.00431271456182003,
      0.0010006078518927097,
      0.0002020665560849011,
      3.652931627584621e-05,
      6.0342426877468824e-06
    ],
    [
      0.09645864367485046,
      0.09237941354513168,
      0.046211015433073044,
      0.016097789630293846,
      0.004393024370074272,
      0.0010016995947808027,
      0.00019878605962730944,
      3.5311135434312746e-05,
      5.731062628910877e-06
    ],
    [
      0.0728166252374649,
      0.06856527924537659,
      0.03371782600879669,
      0.011545535176992416,
      0.003096687374636531,
      0.0006939250160939991,
      0.0001353196712443605,
      2.3618267732672393e-05,
      3.7661502574337646e-06
    ],
    [
      0.04279927909374237,
      0.039621103554964066,
      0.01915338821709156,
      0.006446355953812599,
      0.0016992806922644377,
      0.00037420063745230436,
      7.170289609348401e-05,
      1.2296184650040232e-05,
      1.926335471580387e-06
    ],
    [
      0.020889881998300552,
      0.01901176944375038,
      0.009034134447574615,
      0.002988490043208003,
      0.0007742015877738595,
      0.0001675338571658358,
      3.154312798869796e-05,
      5.314613190421369e-06,
      8.179619044312858e-07
    ],
    [
      0.008818717673420906,
      0.007889879867434502,
      0.0036852159537374973,
      0.0011981462594121695,
      0.0003050349187105894,
      6.48626300971955e-05,
      1.1999261914752424e-05,
      1.986295728784171e-06,
      3.0032697395654395e-07
    ],
    [
      0.0033115032128989697,
      0.0029124163556843996,
      0.001337089342996478,
      0.00042724411468952894,
      0.00010689112968975678,
      2.2334290406433865e-05,
      4.059571892867098e-06,
      6.602109010600543e-07,
      9.806500145259633e-08
    ],
    [
      0.0011290016118437052,
      0.0009760522516444325,
      0.0004404362989589572,
      0.00013831103569827974,
      3.40046790370252e-05,
      6.981458227528492e-06,
      1.246792521669704e-06,
      1.9920605609513586e-07,
      2.906752705200688e-08
    ]
  ],
  "probs_results": [
    0.1881069839000702,
    0.6466740369796753,
    0.16521883010864258
  ]
}