{
  "skills_mean": [
    [
      0.19712774455547333,
      0.6161193251609802
    ],
    [
      0.6693978905677795,
      1.1095616817474365
    ]
  ],
  "skills_cov": [
    [
      [
        0.0221625454723835,
        0.011051165871322155
      ],
      [
        0.011051165871322155,
        0.022159777581691742
      ]
    ],
    [
      [
        0.01972859725356102,
        0.011395943351089954
      ],
      [
        0.011395943351089954,
        0.02673824317753315
      ]
    ]
  ],
  "probs_grid": [
    [
      0.06020063906908035,
      0.11713817715644836,
      0.11841283738613129,
      0.08290749788284302,
      0.04522594064474106,
      0.020500214770436287,
      0.008042346686124802,
      0.0028082914650440216,
      0.0008909155731089413
    ],
    [
      0.04793896526098251,
      0.09178158640861511,
      0.09128065407276154,
      0.06287145614624023,
      0.033735521137714386,
      0.015040491707623005,
      0.005803060717880726,
      0.0019927702378481627,
      0.0006216778419911861
    ],
    [
      0.019989175722002983,
      0.037648092955350876,
      0.03683023527264595,
      0.02495041862130165,
      0.013166606426239014,
      0.005772673524916172,
      0.0021901323925703764,
      0.0007395051070488989,
      0.0002268274693051353
    ],
    [
      0.005818736739456654,
      0.010778922587633133,
      0.010370400734245777,
      0.006908615119755268,
      0.00358488573692739,
      0.0015453831292688847,
      0.0005764468805864453,
      0.00019135279580950737,
      5.769944982603192e-05
    ],
    [
      0.001330184517428279,
      0.0024231430143117905,
      0.0022923622746020555,
      0.0015015123644843698,
      0.0007660064729861915,
      0.00032462659873999655,
      0.0001190343828056939,
      3.8840989873278886e-05,
      1.1511952834553085e-05
    ],
    [
      0.0002547061303630471,
      0.00045619922457262874,
      0.0004242998838890344,
      0.00027321293600834906,
      0.00013701208808925003,
      5.707405580324121e-05,
      2.056986886600498e-05,
      6.596794264623895e-06,
      1.9215704014641233e-06
    ],
    [
      4.255053499946371e-05,
      7.492042641388252e-05,
      6.849630153737962e-05,
      4.335260746302083e-05,
      2.136810689989943e-05,
      8.748129403102212e-06,
      3.0985283956397325e-06,
      9.765284403329133e-07,
      2.7952418690802006e-07
    ],
    [
      6.378330454026582e-06,
      1.1038726370315999e-05,
      9.919126569002401e-06,
      6.169960215629544e-06,
      2.9886109587096144e-06,
      1.2023539284200524e-06,
      4.1847223997137917e-07,
      1.2959027628767217e-07,
      3.644749568820771e-08
    ],
    [
      8.757134537518141e-07,
      1.4894702644596691e-06,
      1.3152769042790169e-06,
      8.039551175897941e-07,
      3.826501995263243e-07,
      1.5126113339647418e-07,
      5.172562111965817e-08,
      1.5737622760525483e-08,
      4.3485828271627724e-09
    ]
  ],
  "probs_results": [
    0.19668804109096527,
    0.14204110205173492,
    0.6612709760665894
  ]
}