{
  "skills_mean": [
    [
      0.5380448698997498,
      0.9468455910682678
    ],
    [
      0.00721808522939682,
      0.591725766658783
    ]
  ],
  "skills_cov": [
    [
      [
        0.01935182325541973,
        0.0116472989320755
      ],
      [
        0.0116472989320755,
        0.02648603543639183
      ]
    ],
    [
      [
        0.022219406440854073,
        0.011945152655243874
      ],
      [
        0.011945152655243874,
        0.02463986538350582
      ]
    ]
  ],
  "probs_grid": [
    [
      0.07497397810220718,
      0.05804181471467018,
      0.023525163531303406,
      0.006655741482973099,
      0.0014786163810640574,
      0.0002751103602349758,
      4.4652540964307263e-05,
      6.502397354779532e-06,
      8.671756859257584e-07
    ],
    [
      0.13182008266448975,
      0.10035098344087601,
      0.03998759388923645,
      0.01112010795623064,
      0.0024277372285723686,
      0.0004438188043422997,
      7.076551264617592e-05,
      1.0121729246748146e-05,
      1.3256478723633336e-06
    ],
    [
      0.12065736204385757,
      0.09031181037425995,
      0.03537573665380478,
      0.00966848898679018,
      0.002074139192700386,
      0.0003725211136043072,
      5.8344910939922556e-05,
      8.196040653274395e-06,
      1.0540999255681527e-06
    ],
    [
      0.07665076851844788,
      0.056403111666440964,
      0.02171553671360016,
      0.005832385271787643,
      0.0012293306645005941,
      0.00021689533605240285,
      3.3365759009029716e-05,
      4.6029376790102106e-06,
      5.812787549075438e-07
    ],
    [
      0.03801638260483742,
      0.02749810367822647,
      0.010404716245830059,
      0.002745901932939887,
      0.0005686047952622175,
      9.854247764451429e-05,
      1.488806174165802e-05,
      2.0168472474324517e-06,
      2.50071337859481e-07
    ],
    [
      0.0156997162848711,
      0.011161506175994873,
      0.004150183405727148,
      0.0010761221637949347,
      0.00021890384959988296,
      3.7261779652908444e-05,
      5.528541350940941e-06,
      7.353883688665519e-07,
      8.952038399456796e-08
    ],
    [
      0.0056227995082736015,
      0.003928621299564838,
      0.0014353659935295582,
      0.00036564559559337795,
      7.306090992642567e-05,
      1.2214102753205225e-05,
      1.779557919689978e-06,
      2.3241419455644063e-07,
      2.777519192420641e-08
    ],
    [
      0.0017961034318432212,
      0.0012332102051004767,
      0.00044269222416915,
      0.00011078219540650025,
      2.1741885575465858e-05,
      3.569537739167572e-06,
      5.106697358314705e-07,
      6.548038555820312e-08,
      7.681967062467265e-09
    ],
    [
      0.0005223046173341572,
      0.0003523813502397388,
      0.0001242762227775529,
      3.05490248138085e-05,
      5.888434770895401e-06,
      9.493529660176137e-07,
      1.333553143467725e-07,
      1.6787286227781806e-08,
      1.933252002928043e-09
    ]
  ],
  "probs_results": [
    0.21722032129764557,
    0.6248418092727661,
    0.15793760120868683
  ]
}