{
  "skills_mean": [
    [
      0.35262465476989746,
      0.6911861896514893
    ],
    [
      0.3393932282924652,
      0.7445807456970215
    ]
  ],
  "skills_cov": [
    [
      [
        0.015781471505761147,
        0.0085914870724082
      ],
      [
        0.0085914870724082,
        0.021692076697945595
      ]
    ],
    [
      [
        0.020613685250282288,
        0.011731419712305069
      ],
      [
        0.011731419712305069,
        0.025084031745791435
      ]
    ]
  ],
  "probs_grid": [
    [
      0.06845167279243469,
      0.09187978506088257,
      0.06414774060249329,
      0.031057946383953094,
      0.011730344034731388,
      0.003686268115416169,
      0.00100390100851655,
      0.00024367858713958412,
      5.381211667554453e-05
    ],
    [
      0.08863556385040283,
      0.11721321195363998,
      0.08061473071575165,
      0.038444068282842636,
      0.014300193637609482,
      0.004425338935106993,
      0.0011866868007928133,
      0.00028360143187455833,
      6.165669037727639e-05
    ],
    [
      0.059624362736940384,
      0.07767301052808762,
      0.052617765963077545,
      0.024712789803743362,
      0.009052361361682415,
      0.0027583541814237833,
      0.0007282534497790039,
      0.00017134053632616997,
      3.666926932055503e-05
    ],
    [
      0.02778053842484951,
      0.035646192729473114,
      0.023782141506671906,
      0.010999378748238087,
      0.00396726606413722,
      0.0011902031255885959,
      0.0003093543346039951,
      7.164738781284541e-05,
      1.5093009096744936e-05
    ],
    [
      0.010085105895996094,
      0.012744729407131672,
      0.008373319171369076,
      0.00381328072398901,
      0.0013541391817852855,
      0.00039993986138142645,
      0.00010232801287202165,
      2.3327547751250677e-05,
      4.836633252125466e-06
    ],
    [
      0.0030425633303821087,
      0.0037863589823246002,
      0.002449485007673502,
      0.0010982942767441273,
      0.0003839594719465822,
      0.00011163002636749297,
      2.8113174266763963e-05,
      6.307840067165671e-06,
      1.2871240642198245e-06
    ],
    [
      0.0007945354445837438,
      0.0009736091597005725,
      0.0006201306241564453,
      0.0002737355825956911,
      9.42026890697889e-05,
      2.695803232199978e-05,
      6.68209167997702e-06,
      1.4755272559341392e-06,
      2.962935354844376e-07
    ],
    [
      0.00018471475050318986,
      0.00022285510203801095,
      0.00013974255125503987,
      6.072180258342996e-05,
      2.0568752006511204e-05,
      5.793343461846234e-06,
      1.4132452861304046e-06,
      3.0710455689586524e-07,
      6.06830568017358e-08
    ],
    [
      3.90233144571539e-05,
      4.635082950699143e-05,
      2.8611180823645554e-05,
      1.2237322152941488e-05,
      4.079892278241459e-06,
      1.1309297178740962e-06,
      2.714930928959802e-07,
      5.805417657711587e-08,
      1.1287398571369067e-08
    ]
  ],
  "probs_results": [
    0.25077345967292786,
    0.36249664425849915,
    0.3867299258708954
  ]
}