{
  "skills_mean": [
    [
      0.25439566373825073,
      0.8725783824920654
    ],
    [
      0.7976778149604797,
      1.1316744089126587
    ]
  ],
  "skills_cov": [
    [
      [
        0.023438939824700356,
        0.013881191611289978
      ],
      [
        0.013881191611289978,
        0.027714982628822327
      ]
    ],
    [
      [
        0.01667173020541668,
        0.010220569558441639
      ],
      [
        0.010220569558441639,
        0.025824077427387238
      ]
    ]
  ],
  "probs_grid": [
    [
      0.07398852705955505,
      0.12767213582992554,
      0.11473198235034943,
      0.07158437371253967,
      0.03488178178668022,
      0.014157957397401333,
      0.00498536741361022,
      0.0015662669902667403,
      0.00044812826672568917
    ],
    [
      0.060812853276729584,
      0.10312947630882263,
      0.09106908738613129,
      0.05582813918590546,
      0.02672603540122509,
      0.010655995458364487,
      0.0036856052465736866,
      0.0011372602311894298,
      0.00031955589656718075
    ],
    [
      0.02617918699979782,
      0.04362213984131813,
      0.03784484416246414,
      0.022790441289544106,
      0.010716530494391918,
      0.00419656140729785,
      0.0014254482230171561,
      0.0004319295985624194,
      0.00011917375377379358
    ],
    [
      0.00786963477730751,
      0.012881962582468987,
      0.010977680794894695,
      0.006492935121059418,
      0.0029983757995069027,
      0.0011530066840350628,
      0.0003845583996735513,
      0.0001144104462582618,
      3.099190507782623e-05
    ],
    [
      0.0018582782940939069,
      0.0029876776970922947,
      0.0025004216004163027,
      0.0014522902201861143,
      0.0006585218943655491,
      0.0002486297453287989,
      8.141217404045165e-05,
      2.3777720343787223e-05,
      6.322738499875413e-06
    ],
    [
      0.0003676365886349231,
      0.0005804456304758787,
      0.0004770007508341223,
      0.0002720187185332179,
      0.00012109323870390654,
      4.4882293877890334e-05,
      1.4426275811274536e-05,
      4.135727522225352e-06,
      1.0793947922138614e-06
    ],
    [
      6.34703174000606e-05,
      9.839257108978927e-05,
      7.938343333080411e-05,
      4.444100704859011e-05,
      1.9419863747316413e-05,
      7.0650030465913005e-06,
      2.228823177574668e-06,
      6.270942094488419e-07,
      1.6061984808857233e-07
    ],
    [
      9.83474910754012e-06,
      1.4967106835683808e-05,
      1.1853649994009174e-05,
      6.513567768706707e-06,
      2.793594603645033e-06,
      9.974329486794886e-07,
      3.087987465733022e-07,
      8.525871919573547e-08,
      2.1428476770779525e-08
    ],
    [
      1.3960839169158135e-06,
      2.0854884041909827e-06,
      1.6210990452236729e-06,
      8.742435397834925e-07,
      3.6796285485252156e-07,
      1.2892138556708232e-07,
      3.9164635978750084e-08,
      1.0609950251705413e-08,
      2.616393102172765e-09
    ]
  ],
  "probs_results": [
    0.22223275899887085,
    0.17338192462921143,
    0.6043854355812073
  ]
}