{
  "skills_mean": [
    [
      0.265693724155426,
      0.8845533132553101
    ],
    [
      -0.2774253189563751,
      0.4263956546783447
    ]
  ],
  "skills_cov": [
    [
      [
        0.017841609194874763,
        0.009922128170728683
      ],
      [
        0.009922128170728683,
        0.024272143840789795
      ]
    ],
    [
      [
        0.02061489224433899,
        0.010249389335513115
      ],
      [
        0.010249389335513115,
        0.021258866414427757
      ]
    ]
  ],
  "probs_grid": [
    [
      0.10476965457201004,
      0.0648757591843605,
      0.02096998691558838,
      0.004717401694506407,
      0.0008308636024594307,
      0.0001222043501911685,
      1.563437945151236e-05,
      1.7894677739604958e-06,
      1.870455434982432e-07
    ],
    [
      0.16674202680587769,
      0.10196402668952942,
      0.03253713250160217,
      0.007223869673907757,
      0.0012553338892757893,
      0.00018212177383247763,
      2.2976881155045703e-05,
      2.5927790829882724e-06,
      2.6712964995567745e-07
    ],
    [
      0.13762088119983673,
      0.08308986574411392,
      0.026170462369918823,
      0.0057333605363965034,
      0.000982853234745562,
      0.00014062749687582254,
      1.7493372070020996e-05,
      1.9459089344309177e-06,
      1.9758761027333094e-07
    ],
    [
      0.07853418588638306,
      0.046805426478385925,
      0.01454821415245533,
      0.0031444174237549305,
      0.0005316682509146631,
      7.50132167013362e-05,
      9.199338819598779e-06,
      1.0086168913403526e-06,
      1.0092396252048275e-07
    ],
    [
      0.034856703132390976,
      0.0205028485506773,
      0.006287835538387299,
      0.0013405828503891826,
      0.00022353731037583202,
      3.1095863960217685e-05,
      3.759076889764401e-06,
      4.061813001499104e-07,
      4.004709097671366e-08
    ],
    [
      0.012833929620683193,
      0.007449031341820955,
      0.0022536558099091053,
      0.00047388733946718276,
      7.791585812810808e-05,
      1.0685052075132262e-05,
      1.273099201171135e-06,
      1.355567604832686e-07,
      1.316770870118944e-08
    ],
    [
      0.004082913976162672,
      0.0023380210623145103,
      0.0006977005396038294,
      0.00014467329310718924,
      2.3451731976820156e-05,
      3.170078571201884e-06,
      3.722311134879419e-07,
      3.9052203248957085e-08,
      3.737053777541632e-09
    ],
    [
      0.0011542892316356301,
      0.0006520208553411067,
      0.0001918890338856727,
      3.923213807865977e-05,
      6.2691583480045665e-06,
      8.35213484151609e-07,
      9.663840216944664e-08,
      9.988789351211835e-09,
      9.4156638041909e-10
    ],
    [
      0.00029601139249280095,
      0.00016491441056132317,
      4.785805504070595e-05,
      9.646352737036068e-06,
      1.5193542139968486e-06,
      1.9947674445575103e-07,
      2.2741007299487137e-08,
      2.315588831791615e-09,
      2.14988735147692e-10
    ]
  ],
  "probs_results": [
    0.23632027208805084,
    0.6233696341514587,
    0.1403103768825531
  ]
}