{
  "skills_mean": [
    [
      0.005025703459978104,
      0.7240586280822754
    ],
    [
      0.2193765789270401,
      0.8338729739189148
    ]
  ],
  "skills_cov": [
    [
      [
        0.018364999443292618,
        0.00928374845534563
      ],
      [
        0.00928374845534563,
        0.021708030253648758
      ]
    ],
    [
      [
        0.021120531484484673,
        0.012131057679653168
      ],
      [
        0.012131057679653168,
        0.02780868671834469
      ]
    ]
  ],
  "probs_grid": [
    [
      0.13121092319488525,
      0.1511133313179016,
      0.0906052365899086,
      0.03770754486322403,
      0.012253123335540295,
      0.003315912326797843,
      0.0007783749606460333,
      0.0001630055339774117,
      3.1085593946045265e-05
    ],
    [
      0.11130402982234955,
      0.1264503300189972,
      0.07477135956287384,
      0.03068101592361927,
      0.009827639907598495,
      0.0026210355572402477,
      0.0006062315660528839,
      0.00012506885104812682,
      2.34923318203073e-05
    ],
    [
      0.049327462911605835,
      0.05526386573910713,
      0.03221787512302399,
      0.013030916452407837,
      0.0041134413331747055,
      0.001080919522792101,
      0.0002462871780153364,
      5.004470585845411e-05,
      9.25696895137662e-06
    ],
    [
      0.015226936899125576,
      0.016818365082144737,
      0.009664137847721577,
      0.0038518873043358326,
      0.0011979850241914392,
      0.00031010317616164684,
      6.958971789572388e-05,
      1.392452759318985e-05,
      2.535959083616035e-06
    ],
    [
      0.0036830264143645763,
      0.004009380470961332,
      0.0022702268324792385,
      0.0008914745994843543,
      0.0002731088607106358,
      6.962488259887323e-05,
      1.5385314327431843e-05,
      3.0309395242511528e-06,
      5.433900014395476e-07
    ],
    [
      0.0007444932707585394,
      0.0007985912961885333,
      0.0004454769368749112,
      0.00017230406228918582,
      5.198512371862307e-05,
      1.3049508197582327e-05,
      2.838938826243975e-06,
      5.505337981048797e-07,
      9.714405990735031e-08
    ],
    [
      0.00013100155047141016,
      0.00013842916814610362,
      7.605698920087889e-05,
      2.896992737078108e-05,
      8.605976290709805e-06,
      2.126760591636412e-06,
      4.554300403469824e-07,
      8.692249764408189e-08,
      1.5093556626766258e-08
    ],
    [
      2.063719330180902e-05,
      2.1477902919286862e-05,
      1.162043736258056e-05,
      4.3579489101830404e-06,
      1.2744446848955704e-06,
      3.1000217859400436e-07,
      6.53333174227555e-08,
      1.2270354510235393e-08,
      2.096410156582351e-09
    ],
    [
      2.970992227346869e-06,
      3.0446824439422926e-06,
      1.621829596842872e-06,
      5.98734118284483e-07,
      1.723384883689505e-07,
      4.125502428564687e-08,
      8.555472774673945e-09,
      1.5809257236654162e-09,
      2.657215558699022e-10
    ]
  ],
  "probs_results": [
    0.29402247071266174,
    0.2711295783519745,
    0.43484774231910706
  ]
}