{
  "skills_mean": [
    [
      0.7927558422088623,
      1.1438122987747192
    ],
    [
      0.3527138829231262,
      0.7219588160514832
    ]
  ],
  "skills_cov": [
    [
      [
        0.01638714037835598,
        0.009947099722921848
      ],
      [
        0.009947099722921848,
        0.02539464458823204
      ]
    ],
    [
      [
        0.020108943805098534,
        0.011233542114496231
      ],
      [
        0.011233542114496231,
        0.024340692907571793
      ]
    ]
  ],
  "probs_grid": [
    [
      0.05255460739135742,
      0.04700995236635208,
      0.0219468604773283,
      0.0071296850219368935,
      0.0018130437238141894,
      0.00038493238389492035,
      7.107172132236883e-05,
      1.1736732631106861e-05,
      1.769523578332155e-06
    ],
    [
      0.1042032390832901,
      0.09177368134260178,
      0.042178258299827576,
      0.01348678395152092,
      0.003375252243131399,
      0.000705154612660408,
      0.0001280983124161139,
      2.081083584926091e-05,
      3.0863618576404406e-06
    ],
    [
      0.1072266697883606,
      0.0929732397198677,
      0.042061008512973785,
      0.01323691662400961,
      0.003259960561990738,
      0.0006701340898871422,
      0.00011976774112554267,
      1.9140612494084053e-05,
      2.7921382752538193e-06
    ],
    [
      0.07634324580430984,
      0.06516391783952713,
      0.02901649661362171,
      0.008986867032945156,
      0.002177868038415909,
      0.00044047896517440677,
      7.74455547798425e-05,
      1.2174690709798597e-05,
      1.74678780240356e-06
    ],
    [
      0.04230493679642677,
      0.035544730722904205,
      0.015577537007629871,
      0.0047477544285357,
      0.0011320944176986814,
      0.00022526555403601378,
      3.8961476093390957e-05,
      6.0244933592912275e-06,
      8.501252182213648e-07
    ],
    [
      0.019460154697299004,
      0.01609337143599987,
      0.006941078696399927,
      0.0020816910546272993,
      0.0004883788642473519,
      9.560147736920044e-05,
      1.6264986697933637e-05,
      2.4736734758334933e-06,
      3.432945163694967e-07
    ],
    [
      0.00773955462500453,
      0.006299488712102175,
      0.0026737195439636707,
      0.0007890068809501827,
      0.0001821146288421005,
      3.5069348086835817e-05,
      5.868749212822877e-06,
      8.778483220339695e-07,
      1.1980895919805334e-07
    ],
    [
      0.002737062983214855,
      0.002192487707361579,
      0.0009157032473012805,
      0.00026587260072119534,
      6.0372836742317304e-05,
      1.1436173736001365e-05,
      1.882392894003715e-06,
      2.7691973514265555e-07,
      3.716669283448937e-08
    ],
    [
      0.0008785306708887219,
      0.0006925468915142119,
      0.0002846119459718466,
      8.13029837445356e-05,
      1.816186704672873e-05,
      3.3840703963505803e-06,
      5.478548246173887e-07,
      7.926196587959566e-08,
      1.0461221222612949e-08
    ]
  ],
  "probs_results": [
    0.19676434993743896,
    0.6445350050926208,
    0.1587006151676178
  ]
}