{
  "skills_mean": [
    [
      0.2656937539577484,
      0.8845533728599548
    ],
    [
      -0.2774253189563751,
      0.4263956844806671
    ]
  ],
  "skills_cov": [
    [
      [
        0.017841553315520287,
        0.009922091849148273
      ],
      [
        0.009922091849148273,
        0.024272087961435318
      ]
    ],
    [
      [
        0.020614836364984512,
        0.010249350219964981
      ],
      [
        0.010249350219964981,
        0.021258804947137833
      ]
    ]
  ],
  "probs_grid": [
    [
      0.10476965457201004,
      0.06487574428319931,
      0.020969968289136887,
      0.004717397503554821,
      0.0008308626711368561,
      0.0001222041464643553,
      1.5634343071724288e-05,
      1.7894614074975834e-06,
      1.8704464821439615e-07
    ],
    [
      0.1667420119047165,
      0.10196401178836823,
      0.03253711387515068,
      0.007223864085972309,
      0.0012553324922919273,
      0.0001821214973460883,
      2.297682294738479e-05,
      2.5927720344043337e-06,
      2.671286836175568e-07
    ],
    [
      0.1376209706068039,
      0.08308985829353333,
      0.02617044746875763,
      0.005733360070735216,
      0.0009828525362536311,
      0.0001406273222528398,
      1.7493341147201136e-05,
      1.9459048417047597e-06,
      1.9758694236315932e-07
    ],
    [
      0.07853419333696365,
      0.04680541157722473,
      0.014548211358487606,
      0.0031444141641259193,
      0.0005316678434610367,
      7.501312211388722e-05,
      9.19932426768355e-06,
      1.0086145039167604e-06,
      1.0092353619484129e-07
    ],
    [
      0.03485669568181038,
      0.020502837374806404,
      0.0062878308817744255,
      0.0013405822683125734,
      0.0002235370920971036,
      3.1095827580429614e-05,
      3.759072114917217e-06,
      4.0618044749862747e-07,
      4.0046991500730655e-08
    ],
    [
      0.012833920307457447,
      0.007449026685208082,
      0.0022536551114171743,
      0.0004738869029097259,
      7.79157635406591e-05,
      1.0685037523217034e-05,
      1.273097154808056e-06,
      1.3555650468788372e-07,
      1.3167673174052652e-08
    ],
    [
      0.004082908388227224,
      0.002338019199669361,
      0.0006976998411118984,
      0.00014467310393229127,
      2.3451706510968506e-05,
      3.1700742511020508e-06,
      3.7223051663204387e-07,
      3.9052139300110866e-08,
      3.737047116203485e-09
    ],
    [
      0.0011542864376679063,
      0.0006520195747725666,
      0.0001918888301588595,
      3.92321016988717e-05,
      6.2691506172996014e-06,
      8.352126315003261e-07,
      9.663826006089948e-08,
      9.988770699465022e-09,
      9.415643820176456e-10
    ],
    [
      0.0002960107522085309,
      0.00016491404676344246,
      4.785797500517219e-05,
      9.646331818657927e-06,
      1.5193514855127432e-06,
      1.9947646023865673e-07,
      2.2740975325064028e-08,
      2.3155826145426772e-09,
      2.149881661583919e-10
    ]
  ],
  "probs_results": [
    0.23632028698921204,
    0.6233697533607483,
    0.14031033217906952
  ]
}