{
  "skills_mean": [
    [
      -0.018504466861486435,
      0.38377171754837036
    ],
    [
      0.7105920910835266,
      1.385325312614441
    ]
  ],
  "skills_cov": [
    [
      [
        0.019968392327427864,
        0.009601333178579807
      ],
      [
        0.009601333178579807,
        0.019615642726421356
      ]
    ],
    [
      [
        0.01783093437552452,
        0.011257571168243885
      ],
      [
        0.011257571168243885,
        0.027926361188292503
      ]
    ]
  ],
  "probs_grid": [
    [
      0.04475122690200806,
      0.11199787259101868,
      0.14498938620090485,
      0.12944355607032776,
      0.08965007960796356,
      0.0513724684715271,
      0.025368886068463326,
      0.011103268712759018,
      0.004396277014166117
    ],
    [
      0.02231714129447937,
      0.05507978796958923,
      0.07030996680259705,
      0.06188872084021568,
      0.042255960404872894,
      0.023868918418884277,
      0.011617978103458881,
      0.0050115445628762245,
      0.0019555322360247374
    ],
    [
      0.00582546554505825,
      0.01417461782693863,
      0.017836809158325195,
      0.015475687570869923,
      0.01041417196393013,
      0.005797362420707941,
      0.002780704526230693,
      0.0011819276260212064,
      0.0004544121911749244
    ],
    [
      0.0010612182086333632,
      0.002545056166127324,
      0.003156265476718545,
      0.002698597265407443,
      0.0017894041957333684,
      0.0009814684744924307,
      0.00046380129060707986,
      0.00019420954049564898,
      7.355400157393888e-05
    ],
    [
      0.00015177384193520993,
      0.00035866815596818924,
      0.0004382630286272615,
      0.00036917306715622544,
      0.00024115631822496653,
      0.00013029701949562877,
      6.0649959777947515e-05,
      2.5014052880578674e-05,
      9.330640750704333e-06
    ],
    [
      1.8176848243456334e-05,
      4.2316994949942455e-05,
      5.093583240523003e-05,
      4.226236342219636e-05,
      2.7191194021725096e-05,
      1.4469151210505515e-05,
      6.632738859480014e-06,
      2.693876467674272e-06,
      9.894994263959234e-07
    ],
    [
      1.898799155242159e-06,
      4.3539030230022036e-06,
      5.1613155847007874e-06,
      4.2173101064690854e-06,
      2.671949687282904e-06,
      1.4000296459926176e-06,
      6.319153271761024e-07,
      2.526941216274281e-07,
      9.138317125234607e-08
    ],
    [
      1.779481380026482e-07,
      4.017957166979613e-07,
      4.68998678115895e-07,
      3.773164394260675e-07,
      2.3536071580565476e-07,
      1.2141059357873019e-07,
      5.3947605493931405e-08,
      2.1236559177850722e-08,
      7.559881609608965e-09
    ],
    [
      1.527200232942505e-08,
      3.394951875179686e-08,
      3.901225298363897e-08,
      3.089678912715499e-08,
      1.8971366699815917e-08,
      9.632938002823721e-09,
      4.21302681630209e-09,
      1.6323380425120604e-09,
      5.719134610338017e-10
    ]
  ],
  "probs_results": [
    0.12107115238904953,
    0.05078833922743797,
    0.8281404376029968
  ]
}