{
  "skills_mean": [
    [
      -0.1125321015715599,
      0.2966803312301636
    ],
    [
      -0.23439979553222656,
      0.027007533237338066
    ]
  ],
  "skills_cov": [
    [
      [
        0.023505816236138344,
        0.010892926715314388
      ],
      [
        0.010892926715314388,
        0.020776161924004555
      ]
    ],
    [
      [
        0.020523082464933395,
        0.010654035955667496
      ],
      [
        0.010654035955667496,
        0.02042602188885212
      ]
    ]
  ],
  "probs_grid": [
    [
      0.05909634009003639,
      0.06751305609941483,
      0.04008745402097702,
      0.016494382172822952,
      0.005290498491376638,
      0.001410881639458239,
      0.0003258500073570758,
      6.703202961944044e-05,
      1.2537426300696097e-05
    ],
    [
      0.09650569409132004,
      0.10849457234144211,
      0.06338753551244736,
      0.02566000632941723,
      0.00809647049754858,
      0.002123851329088211,
      0.0004824410134460777,
      9.760299872141331e-05,
      1.795175558072515e-05
    ],
    [
      0.08205071091651917,
      0.09076528251171112,
      0.052173200994729996,
      0.020777087658643723,
      0.006448565516620874,
      0.0016637519001960754,
      0.00037167733535170555,
      7.394437125185505e-05,
      1.3373172805586364e-05
    ],
    [
      0.04842189699411392,
      0.052701059728860855,
      0.029801566153764725,
      0.011674079112708569,
      0.00356372632086277,
      0.0009042585152201355,
      0.00019865273497998714,
      3.88617736462038e-05,
      6.910466254339553e-06
    ],
    [
      0.02231188677251339,
      0.023889953270554543,
      0.01328893844038248,
      0.00512018334120512,
      0.001537224161438644,
      0.0003835806273855269,
      8.286154479719698e-05,
      1.5938268916215748e-05,
      2.7864666662935633e-06
    ],
    [
      0.008561400696635246,
      0.00901757925748825,
      0.004933859687298536,
      0.001869655097834766,
      0.0005520179402083158,
      0.00013544871762860566,
      2.8769900382030755e-05,
      5.440768745756941e-06,
      9.351380754196725e-07
    ],
    [
      0.002849342068657279,
      0.002952050883322954,
      0.0015885904431343079,
      0.0005920216208323836,
      0.0001718864223221317,
      4.1470520955044776e-05,
      8.660542334837373e-06,
      1.6101897699627443e-06,
      2.720649092680105e-07
    ],
    [
      0.0008458971860818565,
      0.0008619895670562983,
      0.00045619867159985006,
      0.00016718766710255295,
      4.7730503865750507e-05,
      1.1322614227537997e-05,
      2.3247273475135444e-06,
      4.2490572127462656e-07,
      7.057449380454273e-08
    ],
    [
      0.00022864605125505477,
      0.0002291540295118466,
      0.00011926664592465386,
      4.2980445869034156e-05,
      1.2065027476637624e-05,
      2.8139138521510176e-06,
      5.679837045136082e-07,
      1.0205310019273384e-07,
      1.666183990778336e-08
    ]
  ],
  "probs_results": [
    0.23316989839076996,
    0.5011226534843445,
    0.26570752263069153
  ]
}