{
  "skills_mean": [
    [
      0.3526245951652527,
      0.6911861300468445
    ],
    [
      0.3393932580947876,
      0.7445806264877319
    ]
  ],
  "skills_cov": [
    [
      [
        0.015781546011567116,
        0.00859151966869831
      ],
      [
        0.00859151966869831,
        0.021692147478461266
      ]
    ],
    [
      [
        0.02061375044286251,
        0.011731456965208054
      ],
      [
        0.011731456965208054,
        0.025084098801016808
      ]
    ]
  ],
  "probs_grid": [
    [
      0.0684516578912735,
      0.09187973290681839,
      0.0641477033495903,
      0.031057925894856453,
      0.011730347760021687,
      0.0036862746346741915,
      0.0010039026383310556,
      0.00024367928563151509,
      5.3812287660548463e-05
    ],
    [
      0.08863551914691925,
      0.117213174700737,
      0.08061473071575165,
      0.038444068282842636,
      0.014300193637609482,
      0.004425340332090855,
      0.0011866881977766752,
      0.00028360201395116746,
      6.165685772430152e-05
    ],
    [
      0.05962435528635979,
      0.07767298072576523,
      0.052617765963077545,
      0.024712789803743362,
      0.009052365086972713,
      0.002758357208222151,
      0.0007282538572326303,
      0.00017134087102022022,
      3.666937118396163e-05
    ],
    [
      0.02778054028749466,
      0.03564620018005371,
      0.02378213219344616,
      0.010999377816915512,
      0.003967266529798508,
      0.0011902039404958487,
      0.0003093545965384692,
      7.164752605604008e-05,
      1.509305184299592e-05
    ],
    [
      0.010085110552608967,
      0.012744730338454247,
      0.008373321034014225,
      0.0038132823538035154,
      0.001354140229523182,
      0.0003999401815235615,
      0.00010232816566713154,
      2.332759504497517e-05,
      4.836645985051291e-06
    ],
    [
      0.0030425668228417635,
      0.0037863608449697495,
      0.002449487103149295,
      0.0010982952080667019,
      0.0003839597338810563,
      0.00011163012823089957,
      2.811320882756263e-05,
      6.307851890596794e-06,
      1.2871272474512807e-06
    ],
    [
      0.0007945363759063184,
      0.0009736100910231471,
      0.0006201316136866808,
      0.00027373587363399565,
      9.420288552064449e-05,
      2.6958068701787852e-05,
      6.682103958155494e-06,
      1.4755304391655955e-06,
      2.962942744488828e-07
    ],
    [
      0.000184715332579799,
      0.00022285556769929826,
      0.00013974275498185307,
      6.0721937188645825e-05,
      2.05688011192251e-05,
      5.7933543757826556e-06,
      1.413248355675023e-06,
      3.071053811254387e-07,
      6.068324864827446e-08
    ],
    [
      3.9023434510454535e-05,
      4.635098230210133e-05,
      2.8611248126253486e-05,
      1.2237348528287839e-05,
      4.079901827935828e-06,
      1.1309324463582016e-06,
      2.714937465952971e-07,
      5.805435066008613e-08,
      1.1287440315754793e-08
    ]
  ],
  "probs_results": [
    0.25077345967292786,
    0.36249661445617676,
    0.3867299556732178
  ]
}