{
  "skills_mean": [
    [
      0.2209477722644806,
      0.9666783809661865
    ],
    [
      0.7983092069625854,
      0.8113410472869873
    ]
  ],
  "skills_cov": [
    [
      [
        0.021847235038876534,
        0.011838921345770359
      ],
      [
        0.011838921345770359,
        0.02412698045372963
      ]
    ],
    [
      [
        0.017232773825526237,
        0.009865514934062958
      ],
      [
        0.009865514934062958,
        0.022525625303387642
      ]
    ]
  ],
  "probs_grid": [
    [
      0.06602536141872406,
      0.10513041913509369,
      0.08696567267179489,
      0.04982766509056091,
      0.022243864834308624,
      0.008251928724348545,
      0.0026496746577322483,
      0.0007573796319775283,
      0.00019671116024255753
    ],
    [
      0.0711011216044426,
      0.11141399294137955,
      0.09068957716226578,
      0.051125071942806244,
      0.02245361916720867,
      0.00819418951869011,
      0.0025881086476147175,
      0.0007276295800693333,
      0.00018586729129310697
    ],
    [
      0.03991137072443962,
      0.06153778359293938,
      0.04928295314311981,
      0.027331829071044922,
      0.011808041483163834,
      0.00423855846747756,
      0.001316685345955193,
      0.0003640549839474261,
      9.14510601432994e-05
    ],
    [
      0.015569668263196945,
      0.02361818589270115,
      0.018607214093208313,
      0.010150650516152382,
      0.004313272889703512,
      0.0015227098483592272,
      0.0004651785420719534,
      0.0001264778256881982,
      3.1240619136951864e-05
    ],
    [
      0.004748375620692968,
      0.007085625547915697,
      0.00549084460362792,
      0.002946052933111787,
      0.0012311412720009685,
      0.0004274055827409029,
      0.0001283911697100848,
      3.432379526202567e-05,
      8.335680831805803e-06
    ],
    [
      0.0012075044214725494,
      0.0017722916090860963,
      0.001350739854387939,
      0.0007127114804461598,
      0.0002928792673628777,
      9.997656889026985e-05,
      2.9528577215387486e-05,
      7.76115120970644e-06,
      1.8529856333771022e-06
    ],
    [
      0.0002666878863237798,
      0.0003849588392768055,
      0.00028852239483967423,
      0.00014969818585086614,
      6.0486090660560876e-05,
      2.030021460086573e-05,
      5.894588412047597e-06,
      1.523075638942828e-06,
      3.574616869173042e-07
    ],
    [
      5.2612307626986876e-05,
      7.468219700967893e-05,
      5.503854845301248e-05,
      2.807742203003727e-05,
      1.115371924242936e-05,
      3.6801095575356157e-06,
      1.050472178576456e-06,
      2.668087688562082e-07,
      6.155094922632998e-08
    ],
    [
      9.46362706599757e-06,
      1.3208808013587259e-05,
      9.571009286446497e-06,
      4.800225724466145e-06,
      1.8746056866802974e-06,
      6.080097136873519e-07,
      1.705964081111233e-07,
      4.258914998445107e-08,
      9.656660360235492e-09
    ]
  ],
  "probs_results": [
    0.23824931681156158,
    0.2574312686920166,
    0.5043191313743591
  ]
}