{
  "skills_mean": [
    [
      -0.1409243643283844,
      0.5721936225891113
    ],
    [
      0.007217220030725002,
      0.5916548371315002
    ]
  ],
  "skills_cov": [
    [
      [
        0.021413514390587807,
        0.010759323835372925
      ],
      [
        0.010759323835372925,
        0.022944502532482147
      ]
    ],
    [
      [
        0.022319156676530838,
        0.012025877833366394
      ],
      [
        0.012025877833366394,
        0.02473902516067028
      ]
    ]
  ],
  "probs_grid": [
    [
      0.12872281670570374,
      0.14016030728816986,
      0.07963109761476517,
      0.03147256001830101,
      0.009733959101140499,
      0.0025127220433205366,
      0.0005638787988573313,
      0.00011313750292174518,
      2.0716604922199622e-05
    ],
    [
      0.11977948248386383,
      0.1284768283367157,
      0.07188598066568375,
      0.02797374501824379,
      0.008516605943441391,
      0.0021636555902659893,
      0.00047775989514775574,
      9.43039485719055e-05,
      1.6985017282422632e-05
    ],
    [
      0.0582173615694046,
      0.06149624288082123,
      0.033878013491630554,
      0.012977073900401592,
      0.003888241946697235,
      0.0009719615336507559,
      0.0002111367939505726,
      4.0992239519255236e-05,
      7.26080088497838e-06
    ],
    [
      0.019704852253198624,
      0.020493237301707268,
      0.01111282967031002,
      0.004189258441329002,
      0.001235040370374918,
      0.0003037131973542273,
      6.489170482382178e-05,
      1.238986624230165e-05,
      2.1578557607426774e-06
    ],
    [
      0.005224733613431454,
      0.005348564591258764,
      0.002854282269254327,
      0.001058691879734397,
      0.0003070388047490269,
      7.426422962453216e-05,
      1.5604069631081074e-05,
      2.9294146770553198e-06,
      5.015788815398992e-07
    ],
    [
      0.0011574950767681003,
      0.0011660814052447677,
      0.0006122669437900186,
      0.00022340129362419248,
      6.372447387548164e-05,
      1.5157176676439121e-05,
      3.131373432552209e-06,
      5.779272100880917e-07,
      9.726751670768863e-08
    ],
    [
      0.0002231671242043376,
      0.00022119921050034463,
      0.00011425099364714697,
      4.100101432413794e-05,
      1.1500956134113949e-05,
      2.689660732357879e-06,
      5.462640615405689e-07,
      9.909911824479423e-08,
      1.639222091398551e-08
    ],
    [
      3.851187284453772e-05,
      3.7549521948676556e-05,
      1.9074936062679626e-05,
      6.731464964104816e-06,
      1.8564958281785948e-06,
      4.2681494960561395e-07,
      8.520540717427139e-08,
      1.519149961382027e-08,
      2.469346727096422e-09
    ],
    [
      6.0719485190929845e-06,
      5.822543698741356e-06,
      2.9085513233439997e-06,
      1.009164748211333e-06,
      2.7360400167708576e-07,
      6.182793299558398e-08,
      1.213032607694231e-08,
      2.125264408903149e-09,
      3.394311220983326e-10
    ]
  ],
  "probs_results": [
    0.2955936789512634,
    0.3092515766620636,
    0.39515480399131775
  ]
}