{
  "skills_mean": [
    [
      -0.24946348369121552,
      0.3713996410369873
    ],
    [
      -0.23610863089561462,
      0.45625633001327515
    ]
  ],
  "skills_cov": [
    [
      [
        0.023210253566503525,
        0.01087215356528759
      ],
      [
        0.01087215356528759,
        0.022913135588169098
      ]
    ],
    [
      [
        0.01915546879172325,
        0.009286632761359215
      ],
      [
        0.009286632761359215,
        0.018768422305583954
      ]
    ]
  ],
  "probs_grid": [
    [
      0.1316545605659485,
      0.13764972984790802,
      0.07488769292831421,
      0.028265168890357018,
      0.008325745351612568,
      0.002041375497356057,
      0.0004339590377639979,
      8.226264617405832e-05,
      1.4194014511303976e-05
    ],
    [
      0.12550489604473114,
      0.12956488132476807,
      0.06958183646202087,
      0.025918133556842804,
      0.0075325267389416695,
      0.001821841113269329,
      0.0003819580306299031,
      7.13943736627698e-05,
      1.214455460285535e-05
    ],
    [
      0.06225829944014549,
      0.06344477832317352,
      0.03362564370036125,
      0.012357894331216812,
      0.003542843274772167,
      0.0008450900204479694,
      0.0001747047354001552,
      3.2193605875363573e-05,
      5.397944732976612e-06
    ],
    [
      0.021426942199468613,
      0.021548716351389885,
      0.011268344707787037,
      0.004085111897438765,
      0.0011550280032679439,
      0.00027166918152943254,
      5.536806565942243e-05,
      1.0056946848635562e-05,
      1.6618635072518373e-06
    ],
    [
      0.0057554058730602264,
      0.005710795521736145,
      0.0029457961209118366,
      0.0010532353771850467,
      0.000293636170681566,
      6.808849138906226e-05,
      1.367835920973448e-05,
      2.448562554491218e-06,
      3.9869760826150014e-07
    ],
    [
      0.001286903745494783,
      0.0012595892185345292,
      0.0006407812470570207,
      0.00022590471780858934,
      6.209035927895457e-05,
      1.4191495210980065e-05,
      2.8096856112824753e-06,
      4.956061161465186e-07,
      7.950757918706586e-08
    ],
    [
      0.0002494998916517943,
      0.00024083683092612773,
      0.00012080706801498309,
      4.198739770799875e-05,
      1.1375097528798506e-05,
      2.5622798602853436e-06,
      4.998693725610792e-07,
      8.687059249723461e-08,
      1.3728460146467114e-08
    ],
    [
      4.313745739636943e-05,
      4.105725747649558e-05,
      2.0303286873968318e-05,
      6.955467142688576e-06,
      1.8570636939330143e-06,
      4.121889105590526e-07,
      7.922484712707956e-08,
      1.3562917899889726e-08,
      2.111157693107657e-09
    ],
    [
      6.7892692641180474e-06,
      6.370295068336418e-06,
      3.105018095084233e-06,
      1.0482989409865695e-06,
      2.7579125116972136e-07,
      6.030908394905055e-08,
      1.1418802792206861e-08,
      1.9254382532807313e-09,
      2.951615618584924e-10
    ]
  ],
  "probs_results": [
    0.29924169182777405,
    0.32519441843032837,
    0.37556391954421997
  ]
}